AUN,school_district,county,weighted_students,adequacy_target,adequacy_gap,state_share_ag,adequacy_supplement,excess_local_effort,"Total
Tax Equity Supplement","2024-25
Tax Equity Supplement",total_adequacy_investment
112011103,Bermudian Springs SD,Adams,2631.85,36066845.00,5499589.54,5499589.54,785656.00,0.00,0.00,0.00,785656.00
112011603,Conewago Valley SD,Adams,5776.51,79161334.00,17377225.40,17377225.40,2482461.00,2461361.44,2461361.00,351623.00,2834084.00
112013054,Fairfield Area SD,Adams,1396.72,19140610.00,1432393.20,1432393.20,204628.00,0.00,0.00,0.00,204628.00
112013753,Gettysburg Area SD,Adams,4556.31,62439645.00,984771.47,984771.47,140682.00,0.00,0.00,0.00,140682.00
112015203,Littlestown Area SD,Adams,2811.82,38533209.00,4979550.31,4979550.31,711364.00,115896.18,111260.00,15894.00,727258.00
112018523,Upper Adams SD,Adams,2601.25,35647516.00,7928033.60,7928033.60,1132576.00,2772807.64,2772808.00,396115.00,1528691.00
103020603,Allegheny Valley SD,Allegheny,1376.45,18862843.00,0.00,0.00,0.00,2406220.18,842177.00,120311.00,120311.00
103020753,Avonworth SD,Allegheny,2197.02,30107907.00,0.00,0.00,0.00,0.00,0.00,0.00,0.00
103021102,Baldwin-Whitehall SD,Allegheny,6526.18,89434826.00,24338989.26,24338989.26,3476998.00,5789180.04,5789180.00,827026.00,4304024.00
103021252,Bethel Park SD,Allegheny,5016.42,68745033.00,0.00,0.00,0.00,8807706.91,4315776.00,616539.00,616539.00
103021453,Brentwood Borough SD,Allegheny,1833.01,25119528.00,1277303.24,1277303.24,182472.00,6101330.46,6101330.00,871619.00,1054091.00
103021603,Carlynton SD,Allegheny,2180.06,29875501.00,0.00,0.00,0.00,5066864.29,4408172.00,629739.00,629739.00
103021752,Chartiers Valley SD,Allegheny,4645.16,63657286.00,0.00,0.00,0.00,0.00,0.00,0.00,0.00
103021903,Clairton City SD,Allegheny,1553.44,21288301.00,1756493.66,1756493.66,250928.00,797460.55,797461.00,113923.00,364851.00
103022103,Cornell SD,Allegheny,956.63,13109644.00,0.00,0.00,0.00,2509076.60,1881807.00,268830.00,268830.00
103022253,Deer Lakes SD,Allegheny,2553.10,34987614.00,121890.95,121890.95,17413.00,2556760.14,2301084.00,328726.00,346139.00
103022503,Duquesne City SD,Allegheny,1663.19,22792342.00,1659658.15,1659658.15,237094.00,0.00,0.00,0.00,237094.00
103022803,East Allegheny SD,Allegheny,2913.95,39932757.00,4679498.61,4679498.61,668500.00,5546065.55,5546066.00,792295.00,1460795.00
103023153,Elizabeth Forward SD,Allegheny,3125.61,42833414.00,1264799.86,1264799.86,180686.00,5799926.84,5799927.00,828561.00,1009247.00
103023912,Fox Chapel Area SD,Allegheny,5303.30,72676451.00,0.00,0.00,0.00,0.00,0.00,0.00,0.00
103024102,Gateway SD,Allegheny,5470.96,74974008.00,147955.77,147955.77,21137.00,9991620.20,7693548.00,1099078.00,1120215.00
103024603,Hampton Township SD,Allegheny,3379.13,46307529.00,0.00,0.00,0.00,0.00,0.00,0.00,0.00
103024753,Highlands SD,Allegheny,3601.77,49358642.00,6295877.00,6295877.00,899411.00,4550223.47,4550223.00,650032.00,1549443.00
103025002,Keystone Oaks SD,Allegheny,2657.98,36424917.00,0.00,0.00,0.00,1384477.37,623015.00,89002.00,89002.00
103026002,McKeesport Area SD,Allegheny,6638.24,90970427.00,24920691.00,24920691.00,3560099.00,1795663.06,1795663.00,256523.00,3816622.00
103026303,Montour SD,Allegheny,4082.95,55952733.00,0.00,0.00,0.00,0.00,0.00,0.00,0.00
103026343,Moon Area SD,Allegheny,5435.21,74484159.00,0.00,0.00,0.00,8449380.16,5154122.00,736303.00,736303.00
103026402,Mt Lebanon SD,Allegheny,6374.33,87353832.00,0.00,0.00,0.00,8349394.96,4592167.00,656024.00,656024.00
103026852,North Allegheny SD,Allegheny,10266.03,140685716.00,0.00,0.00,0.00,0.00,0.00,0.00,0.00
103026902,North Hills SD,Allegheny,5909.07,80977854.00,2810758.27,2810758.27,401537.00,0.00,0.00,0.00,401537.00
103026873,Northgate SD,Allegheny,1864.90,25556521.00,9050.00,9050.00,1293.00,3422800.35,3183204.00,454743.00,456036.00
103027352,Penn Hills SD,Allegheny,6681.68,91565770.00,9667090.60,9667090.60,1381013.00,18243693.91,18243694.00,2606242.00,3987255.00
103021003,Pine-Richland SD,Allegheny,5456.74,74779138.00,0.00,0.00,0.00,0.00,0.00,0.00,0.00
102027451,Pittsburgh SD,Allegheny,44459.77,609276688.00,0.00,0.00,0.00,0.00,0.00,0.00,0.00
103027503,Plum Borough SD,Allegheny,4672.12,64026774.00,7103773.17,7103773.17,1014825.00,1580165.69,1422149.00,203164.00,1217989.00
103027753,Quaker Valley SD,Allegheny,2585.04,35425416.00,0.00,0.00,0.00,0.00,0.00,0.00,0.00
103028203,Riverview SD,Allegheny,1352.02,18528082.00,0.00,0.00,0.00,2461675.39,861586.00,123084.00,123084.00
103028302,Shaler Area SD,Allegheny,6023.27,82542947.00,0.00,0.00,0.00,7357018.51,5517764.00,788252.00,788252.00
103028653,South Allegheny SD,Allegheny,2550.91,34957602.00,7038911.94,7038911.94,1005559.00,932911.18,932911.00,133273.00,1138832.00
103028703,South Fayette Township SD,Allegheny,4049.82,55498665.00,1864.90,1864.90,266.00,12888333.49,11341733.00,1620248.00,1620514.00
103028753,South Park SD,Allegheny,2522.28,34565366.00,1536774.39,1536774.39,219539.00,4963361.12,4814460.00,687780.00,907319.00
103028833,Steel Valley SD,Allegheny,2648.24,36291522.00,0.00,0.00,0.00,5929208.64,5929209.00,847030.00,847030.00
103028853,Sto-Rox SD,Allegheny,3530.45,48381328.00,19046811.51,19046811.51,2720973.00,2384875.71,2384876.00,340697.00,3061670.00
103029203,Upper Saint Clair SD,Allegheny,4644.69,63650777.00,0.00,0.00,0.00,15223060.77,6698147.00,956878.00,956878.00
103029403,West Allegheny SD,Allegheny,4244.19,58162339.00,0.00,0.00,0.00,3271287.84,1341228.00,191604.00,191604.00
103029553,West Jefferson Hills SD,Allegheny,4083.37,55958530.00,2998624.11,2998624.11,428375.00,6989038.53,6639587.00,948512.00,1376887.00
103029603,West Mifflin Area SD,Allegheny,3912.43,53615954.00,4492418.25,4492418.25,641774.00,10782268.22,10782268.00,1540324.00,2182098.00
103029803,Wilkinsburg Borough SD,Allegheny,2432.24,33331431.00,1327363.72,1327363.72,189623.00,2486427.77,2486428.00,355204.00,544827.00
103029902,Woodland Hills SD,Allegheny,8578.54,117560298.00,19705521.10,19705521.10,2815074.00,14650849.28,14650849.00,2092978.00,4908052.00
128030603,Apollo-Ridge SD,Armstrong,1781.16,24409058.00,447059.61,447059.61,63866.00,1567816.71,1567817.00,223974.00,287840.00
128030852,Armstrong SD,Armstrong,7356.86,100818451.00,6470794.61,6470794.61,924399.00,790636.51,790637.00,112948.00,1037347.00
128033053,Freeport Area SD,Armstrong,2556.36,35032399.00,3160618.74,3160618.74,451517.00,0.00,0.00,0.00,451517.00
128034503,Leechburg Area SD,Armstrong,1010.84,13852538.00,100585.04,100585.04,14369.00,1723393.23,1723393.00,246199.00,260568.00
127040503,Aliquippa SD,Beaver,2502.47,34293863.00,9862795.68,9862795.68,1408971.00,1500883.58,1500884.00,214412.00,1623383.00
127040703,Ambridge Area SD,Beaver,4034.16,55284156.00,12169496.23,12169496.23,1738499.00,103985.13,103985.00,14855.00,1753354.00
127041203,Beaver Area SD,Beaver,2607.33,35730782.00,4732340.18,4732340.18,676049.00,0.00,0.00,0.00,676049.00
127041503,Big Beaver Falls Area SD,Beaver,3169.22,43430963.00,13282186.37,13282186.37,1897455.00,418407.34,418407.00,59772.00,1957227.00
127041603,Blackhawk SD,Beaver,3188.28,43692230.00,5694206.79,3502095.79,500299.00,0.00,0.00,0.00,500299.00
127042003,Central Valley SD,Beaver,2997.68,41080262.00,4100740.10,3615229.10,516461.00,0.00,0.00,0.00,516461.00
127042853,Freedom Area SD,Beaver,2279.88,31243462.00,8104920.78,8104920.78,1157846.00,0.00,0.00,0.00,1157846.00
127044103,Hopewell Area SD,Beaver,2884.11,39523789.00,353669.81,353669.81,50524.00,0.00,0.00,0.00,50524.00
127045303,Midland Borough SD,Beaver,583.29,7993379.00,1603625.87,1299079.87,185583.00,0.00,0.00,0.00,185583.00
127045653,New Brighton Area SD,Beaver,2546.08,34891508.00,9569511.24,9569511.24,1367073.00,37250.96,37251.00,5322.00,1372395.00
127045853,Riverside Beaver County SD,Beaver,1929.16,26437168.00,3013359.64,2760196.64,394314.00,0.00,0.00,0.00,394314.00
127046903,Rochester Area SD,Beaver,1376.22,18859746.00,156796.92,156796.92,22400.00,871417.22,871417.00,124488.00,146888.00
127047404,South Side Area SD,Beaver,1399.49,19178666.00,0.00,0.00,0.00,0.00,0.00,0.00,0.00
127049303,Western Beaver County SD,Beaver,1024.87,14044873.00,0.00,0.00,0.00,0.00,0.00,0.00,0.00
108051003,Bedford Area SD,Bedford,2674.28,36648265.00,6750521.69,2511400.69,358772.00,0.00,0.00,0.00,358772.00
108051503,Chestnut Ridge SD,Bedford,1903.53,26085975.00,5613314.18,1878469.18,268353.00,0.00,0.00,0.00,268353.00
108053003,Everett Area SD,Bedford,1865.59,25565991.00,6082623.13,5186805.13,740972.00,0.00,0.00,0.00,740972.00
108056004,Northern Bedford County SD,Bedford,1293.11,17720752.00,4318163.79,1939707.79,277101.00,0.00,0.00,0.00,277101.00
108058003,Tussey Mountain SD,Bedford,1546.38,21191523.00,4396095.36,3341868.36,477410.00,0.00,0.00,0.00,477410.00
114060503,Antietam SD,Berks,1975.85,27077103.00,7956282.31,7956282.31,1136612.00,4534020.47,4534020.00,647717.00,1784329.00
114060753,Boyertown Area SD,Berks,9331.05,127872695.00,13956965.65,13956965.65,1993852.00,1420779.84,909299.00,129900.00,2123752.00
114060853,Brandywine Heights Area SD,Berks,1924.36,26371416.00,0.00,0.00,0.00,3337090.53,1935513.00,276502.00,276502.00
114061103,Conrad Weiser Area SD,Berks,3545.65,48589642.00,0.00,0.00,0.00,5655841.79,4411557.00,630222.00,630222.00
114061503,Daniel Boone Area SD,Berks,4350.04,59612907.00,3843455.98,3843455.98,549065.00,5657028.88,5034756.00,719251.00,1268316.00
114062003,Exeter Township SD,Berks,5736.28,78609940.00,5459030.12,5459030.12,779861.00,12768243.65,12257514.00,1751073.00,2530934.00
114062503,Fleetwood Area SD,Berks,3312.07,45388580.00,8736.84,8736.84,1248.00,4805230.86,3844185.00,549169.00,550417.00
114063003,Governor Mifflin SD,Berks,6216.04,85184571.00,17541695.30,17541695.30,2505956.00,2868318.32,2380704.00,340101.00,2846057.00
114063503,Hamburg Area SD,Berks,3133.59,42942676.00,2109288.04,2109288.04,301327.00,0.00,0.00,0.00,301327.00
114064003,Kutztown Area SD,Berks,2005.06,27477287.00,0.00,0.00,0.00,1233374.60,592020.00,84574.00,84574.00
114065503,Muhlenberg SD,Berks,6315.69,86550188.00,24944157.28,24944157.28,3563451.00,9745650.35,9745650.00,1392236.00,4955687.00
114066503,Oley Valley SD,Berks,2177.64,29842365.00,0.00,0.00,0.00,1124545.26,449818.00,64260.00,64260.00
114067002,Reading SD,Berks,39057.92,535249763.00,266165401.80,266165401.80,38023629.00,5266270.21,5266270.00,752324.00,38775953.00
114067503,Schuylkill Valley SD,Berks,2811.27,38525644.00,1118360.31,1118360.31,159766.00,2263650.49,1290281.00,184326.00,344092.00
114068003,Tulpehocken Area SD,Berks,1985.05,27203111.00,0.00,0.00,0.00,0.00,0.00,0.00,0.00
114068103,Twin Valley SD,Berks,4585.29,62836787.00,1095920.77,1095920.77,156560.00,3132951.77,1942430.00,277490.00,434050.00
114069103,Wilson  SD,Berks,8849.49,121273452.00,17340385.99,17340385.99,2477198.00,3759578.05,2819684.00,402812.00,2880010.00
114069353,Wyomissing Area SD,Berks,2611.75,35791367.00,0.00,0.00,0.00,2896477.64,1274450.00,182064.00,182064.00
108070502,Altoona Area SD,Blair,12267.30,168111038.00,56132127.78,40590715.78,5798674.00,0.00,0.00,0.00,5798674.00
108071003,Bellwood-Antis SD,Blair,1675.77,22964807.00,3853501.71,1912691.71,273242.00,0.00,0.00,0.00,273242.00
108071504,Claysburg-Kimmel SD,Blair,1350.01,18500469.00,5038524.20,3733802.20,533400.00,0.00,0.00,0.00,533400.00
108073503,Hollidaysburg Area SD,Blair,4390.36,60165548.00,11805433.26,3935448.26,562207.00,0.00,0.00,0.00,562207.00
108077503,Spring Cove SD,Blair,2384.70,32679929.00,7073729.41,5414258.41,773465.00,0.00,0.00,0.00,773465.00
108078003,Tyrone Area SD,Blair,2445.80,33517298.00,7295358.94,2602587.94,371798.00,0.00,0.00,0.00,371798.00
108079004,Williamsburg Community SD,Blair,792.21,10856501.00,2843592.87,2384511.87,340645.00,0.00,0.00,0.00,340645.00
117080503,Athens Area SD,Bradford,2976.41,40788777.00,1124296.64,1124296.64,160614.00,1252672.53,1252673.00,178953.00,339567.00
117081003,Canton Area SD,Bradford,1339.74,18359852.00,2218780.42,1508490.42,215499.00,0.00,0.00,0.00,215499.00
117083004,Northeast Bradford SD,Bradford,1158.09,15870411.00,1442718.13,728450.13,104064.00,0.00,0.00,0.00,104064.00
117086003,Sayre Area SD,Bradford,1530.88,20979234.00,840469.66,840469.66,120067.00,1214176.67,1214177.00,173454.00,293521.00
117086503,Towanda Area SD,Bradford,2490.52,34130072.00,8026568.17,8026568.17,1146653.00,0.00,0.00,0.00,1146653.00
117086653,Troy Area SD,Bradford,2218.60,30403626.00,5437549.85,4710858.85,672980.00,0.00,0.00,0.00,672980.00
117089003,Wyalusing Area SD,Bradford,1991.20,27287432.00,4004119.63,4004119.63,572017.00,0.00,0.00,0.00,572017.00
122091002,Bensalem Township SD,Bucks,12468.85,170873175.00,23447150.28,22618501.05,3231214.00,0.00,0.00,0.00,3231214.00
122091303,Bristol Borough SD,Bucks,2079.68,28499948.00,3344423.31,3344423.31,477775.00,0.00,0.00,0.00,477775.00
122091352,Bristol Township SD,Bucks,11805.61,161784025.00,23531015.88,23531015.88,3361574.00,21939593.18,21939593.00,3134228.00,6495802.00
122092002,Centennial SD,Bucks,7919.65,108530884.00,0.00,0.00,0.00,0.00,0.00,0.00,0.00
122092102,Central Bucks SD,Bucks,23682.41,324543774.00,0.00,0.00,0.00,0.00,0.00,0.00,0.00
122092353,Council Rock SD,Bucks,14072.68,192852062.00,0.00,0.00,0.00,0.00,0.00,0.00,0.00
122097203,Morrisville Borough SD,Bucks,1697.04,23256209.00,0.00,0.00,0.00,1829920.78,1335842.00,190835.00,190835.00
122097502,Neshaminy SD,Bucks,13158.45,180323344.00,4073490.46,4073490.46,581927.00,0.00,0.00,0.00,581927.00
122097604,New Hope-Solebury SD,Bucks,1726.05,23653844.00,0.00,0.00,0.00,0.00,0.00,0.00,0.00
122098003,Palisades SD,Bucks,2119.74,29048890.00,0.00,0.00,0.00,0.00,0.00,0.00,0.00
122098103,Pennridge SD,Bucks,9876.52,135347816.00,2725660.68,2725660.68,389380.00,0.00,0.00,0.00,389380.00
122098202,Pennsbury SD,Bucks,15024.84,205900339.00,0.00,0.00,0.00,0.00,0.00,0.00,0.00
122098403,Quakertown Community SD,Bucks,7318.03,100286269.00,42561.36,42561.36,6080.00,9418811.12,4050089.00,578584.00,584664.00
104101252,Butler Area SD,Butler,9049.71,124017240.00,24369941.05,15769117.05,2252731.00,0.00,0.00,0.00,2252731.00
104103603,Karns City Area SD,Butler,1903.15,26080795.00,2593460.57,1601448.57,228778.00,0.00,0.00,0.00,228778.00
104107803,Knoch SD,Butler,2678.70,36708946.00,0.00,0.00,0.00,0.00,0.00,0.00,0.00
104105003,Mars Area SD,Butler,4104.05,56241942.00,10225189.89,0.00,0.00,0.00,0.00,0.00,0.00
104105353,Moniteau SD,Butler,1826.66,25032494.00,3323154.69,1515146.69,216450.00,0.00,0.00,0.00,216450.00
104107903,Seneca Valley SD,Butler,9426.00,129173890.00,1613249.16,0.00,0.00,0.00,0.00,0.00,0.00
104107503,Slippery Rock Area SD,Butler,2796.12,38318083.00,5882452.41,2417979.41,345426.00,0.00,0.00,0.00,345426.00
108110603,Blacklick Valley SD,Cambria,1024.19,14035431.00,3229522.85,2440362.85,348623.00,0.00,0.00,0.00,348623.00
108111203,Cambria Heights SD,Cambria,1861.18,25505597.00,3003951.74,2243558.74,320508.00,0.00,0.00,0.00,320508.00
108111303,Central Cambria SD,Cambria,2158.77,29583825.00,4742617.39,1151536.39,164505.00,0.00,0.00,0.00,164505.00
108111403,Conemaugh Valley SD,Cambria,1130.48,15492112.00,1554300.91,860658.91,122951.00,0.00,0.00,0.00,122951.00
108112003,Ferndale Area SD,Cambria,1078.28,14776790.00,2449613.73,2449613.73,349945.00,384302.67,384303.00,54900.00,404845.00
108112203,Forest Hills SD,Cambria,2427.60,33267830.00,7162056.84,3099279.84,442754.00,0.00,0.00,0.00,442754.00
108112502,Greater Johnstown SD,Cambria,5968.66,81794489.00,29574096.70,29574096.70,4224871.00,0.00,0.00,0.00,4224871.00
108114503,Northern Cambria SD,Cambria,1545.69,21182163.00,3619857.87,2649171.87,378453.00,0.00,0.00,0.00,378453.00
108116003,Penn Cambria SD,Cambria,2278.44,31223673.00,7249583.13,4336385.13,619484.00,0.00,0.00,0.00,619484.00
108116303,Portage Area SD,Cambria,1196.82,16401166.00,3202097.42,2232440.42,318920.00,0.00,0.00,0.00,318920.00
108116503,Richland SD,Cambria,1950.37,26727898.00,4096730.16,1715464.16,245066.00,0.00,0.00,0.00,245066.00
108118503,Westmont Hilltop SD,Cambria,2095.51,28716896.00,7708055.03,7708055.03,1101151.00,0.00,0.00,0.00,1101151.00
109122703,Cameron County SD,Cameron,964.78,13221318.00,780602.00,780602.00,111515.00,0.00,0.00,0.00,111515.00
121135003,Jim Thorpe Area SD,Carbon,3138.33,43007633.00,0.00,0.00,0.00,4309268.19,2887210.00,412459.00,412459.00
121135503,Lehighton Area SD,Carbon,3522.87,48277369.00,9696043.19,9696043.19,1385149.00,3106893.57,3106894.00,443842.00,1828991.00
121136503,Palmerton Area SD,Carbon,2705.30,37073390.00,3861079.42,3861079.42,551583.00,3361230.10,3361230.00,480176.00,1031759.00
121136603,Panther Valley SD,Carbon,3400.71,46603357.00,17760201.21,17760201.21,2537172.00,3954715.74,3954716.00,564959.00,3102131.00
121139004,Weatherly Area SD,Carbon,1223.51,16766926.00,2459661.30,2459661.30,351380.00,1590011.51,1590012.00,227145.00,578525.00
110141003,Bald Eagle Area SD,Centre,2233.15,30603046.00,0.00,0.00,0.00,2081032.55,2081033.00,297290.00,297290.00
110141103,Bellefonte Area SD,Centre,3745.33,51326057.00,736465.37,736465.37,105209.00,0.00,0.00,0.00,105209.00
110147003,Penns Valley Area SD,Centre,2147.57,29430327.00,3376473.93,3376473.93,482353.00,0.00,0.00,0.00,482353.00
110148002,State College Area SD,Centre,9484.70,129978329.00,0.00,0.00,0.00,0.00,0.00,0.00,0.00
124150503,Avon Grove SD,Chester,8013.25,109813551.00,19078093.29,19078093.29,2725442.00,3524945.12,3454446.00,493492.00,3218934.00
124151902,Coatesville Area SD,Chester,15529.91,212821900.00,43253083.72,43253083.72,6179012.00,32144067.48,31822627.00,4546090.00,10725102.00
124152003,Downingtown Area SD,Chester,17155.04,235092723.00,4578199.93,4578199.93,654029.00,0.00,0.00,0.00,654029.00
124153503,Great Valley SD,Chester,6178.20,84666053.00,0.00,0.00,0.00,0.00,0.00,0.00,0.00
124154003,Kennett Consolidated SD,Chester,6052.16,82938760.00,2166042.13,2166042.13,309435.00,9028375.86,4785039.00,683577.00,993012.00
124156503,Octorara Area SD,Chester,3599.28,49324478.00,0.00,0.00,0.00,8429858.98,5900901.00,842986.00,842986.00
124156603,Owen J Roberts SD,Chester,7319.35,100304304.00,0.00,0.00,0.00,3759247.44,1165367.00,166481.00,166481.00
124156703,Oxford Area SD,Chester,6201.83,84989892.00,15185630.56,15185630.56,2169376.00,5692601.60,5692602.00,813229.00,2982605.00
124157203,Phoenixville Area SD,Chester,6167.67,84521736.00,0.00,0.00,0.00,416550.69,87476.00,12497.00,12497.00
124157802,Tredyffrin-Easttown SD,Chester,9521.85,130487405.00,0.00,0.00,0.00,0.00,0.00,0.00,0.00
124158503,Unionville-Chadds Ford SD,Chester,5474.18,75018122.00,0.00,0.00,0.00,0.00,0.00,0.00,0.00
124159002,West Chester Area SD,Chester,16770.81,229827153.00,0.00,0.00,0.00,0.00,0.00,0.00,0.00
106160303,Allegheny-Clarion Valley SD,Clarion,1028.68,14096976.00,0.00,0.00,0.00,0.00,0.00,0.00,0.00
106161203,Clarion Area SD,Clarion,1173.00,16074819.00,2448497.78,2448497.78,349785.00,473696.62,473697.00,67671.00,417456.00
106161703,Clarion-Limestone Area SD,Clarion,1242.27,17024027.00,1188492.39,1188492.39,169785.00,0.00,0.00,0.00,169785.00
106166503,Keystone  SD,Clarion,1403.66,19235743.00,2067077.55,1815696.55,259385.00,0.00,0.00,0.00,259385.00
106167504,North Clarion County SD,Clarion,889.48,12189365.00,2240861.33,1312561.33,187509.00,0.00,0.00,0.00,187509.00
106168003,Redbank Valley SD,Clarion,1706.39,23384341.00,3776883.80,2601678.80,371668.00,0.00,0.00,0.00,371668.00
106169003,Union  SD,Clarion,1066.23,14611657.00,2840559.84,2840559.84,405794.00,0.00,0.00,0.00,405794.00
110171003,Clearfield Area SD,Clearfield,3194.62,43779072.00,4005598.44,4005598.44,572228.00,0.00,0.00,0.00,572228.00
110171803,Curwensville Area SD,Clearfield,1602.50,21960660.00,3551464.22,3209881.22,458554.00,0.00,0.00,0.00,458554.00
106172003,Dubois Area SD,Clearfield,5405.46,74076438.00,15865337.98,13577958.98,1939708.00,0.00,0.00,0.00,1939708.00
110173003,Glendale SD,Clearfield,1264.91,17334286.00,3937334.69,3937334.69,562476.00,0.00,0.00,0.00,562476.00
110173504,Harmony Area SD,Clearfield,415.69,5696643.00,0.00,0.00,0.00,0.00,0.00,0.00,0.00
110175003,Moshannon Valley SD,Clearfield,1382.04,18939435.00,3185473.05,2574823.05,367832.00,0.00,0.00,0.00,367832.00
110177003,Philipsburg-Osceola Area SD,Clearfield,2555.21,35016543.00,2328794.69,2328794.69,332685.00,0.00,0.00,0.00,332685.00
110179003,West Branch Area SD,Clearfield,1676.41,22973536.00,4924339.16,4574865.16,653552.00,0.00,0.00,0.00,653552.00
110183602,Keystone Central SD,Clinton,6157.81,84386601.00,7364791.69,7364791.69,1052113.00,0.00,0.00,0.00,1052113.00
116191004,Benton Area SD,Columbia,980.62,13438444.00,0.00,0.00,0.00,0.00,0.00,0.00,0.00
116191103,Berwick Area SD,Columbia,4203.35,57602708.00,9356828.35,7733346.35,1104764.00,0.00,0.00,0.00,1104764.00
116191203,Bloomsburg Area SD,Columbia,2290.44,31388231.00,5317735.85,4440813.85,634402.00,0.00,0.00,0.00,634402.00
116191503,Central Columbia SD,Columbia,2550.03,34945584.00,3572610.78,2704187.78,386313.00,0.00,0.00,0.00,386313.00
116195004,Millville Area SD,Columbia,1005.22,13775549.00,126746.37,126746.37,18107.00,0.00,0.00,0.00,18107.00
116197503,Southern Columbia Area SD,Columbia,1739.04,23831832.00,1850756.03,1850756.03,264394.00,0.00,0.00,0.00,264394.00
105201033,Conneaut SD,Crawford,2801.07,38385808.00,0.00,0.00,0.00,0.00,0.00,0.00,0.00
105201352,Crawford Central SD,Crawford,4992.39,68415699.00,9108339.09,9108339.09,1301191.00,0.00,0.00,0.00,1301191.00
105204703,Penncrest SD,Crawford,3767.26,51626586.00,0.00,0.00,0.00,0.00,0.00,0.00,0.00
115210503,Big Spring SD,Cumberland,3732.61,51151660.00,1102843.38,1102843.38,157549.00,2428931.74,1797409.00,256773.00,414322.00
115211003,Camp Hill SD,Cumberland,1574.42,21575893.00,0.00,0.00,0.00,1897792.53,967874.00,138268.00,138268.00
115211103,Carlisle Area SD,Cumberland,7539.77,103324953.00,19427203.74,19427203.74,2775315.00,3494932.21,3180388.00,454341.00,3229656.00
115211603,Cumberland Valley SD,Cumberland,12321.07,168847888.00,24779413.00,0.00,0.00,0.00,0.00,0.00,0.00
115212503,East Pennsboro Area SD,Cumberland,3902.73,53483012.00,7238097.84,7238097.84,1034014.00,0.00,0.00,0.00,1034014.00
115216503,Mechanicsburg Area SD,Cumberland,6225.28,85311292.00,12979130.32,9818855.34,1402694.00,0.00,0.00,0.00,1402694.00
115218003,Shippensburg Area SD,Cumberland,4916.38,67374044.00,13114518.94,13114518.94,1873503.00,0.00,0.00,0.00,1873503.00
115218303,South Middleton SD,Cumberland,2818.17,38620202.00,1609522.79,1609522.79,229932.00,0.00,0.00,0.00,229932.00
115221402,Central Dauphin SD,Dauphin,19825.28,271685623.00,68167706.82,58133219.06,8304746.00,0.00,0.00,0.00,8304746.00
115221753,Derry Township SD,Dauphin,4690.09,64272939.00,1956533.91,404225.91,57747.00,0.00,0.00,0.00,57747.00
115222504,Halifax Area SD,Dauphin,1423.49,19507521.00,0.00,0.00,0.00,0.00,0.00,0.00,0.00
115222752,Harrisburg City SD,Dauphin,15943.58,218490848.00,80622844.29,80622844.29,11517549.00,16650084.99,16650085.00,2378584.00,13896133.00
115224003,Lower Dauphin SD,Dauphin,5295.96,72575795.00,9390174.01,9390174.01,1341453.00,0.00,0.00,0.00,1341453.00
115226003,Middletown Area SD,Dauphin,3842.58,52658648.00,7144972.90,7144972.90,1020710.00,1984972.81,1846025.00,263718.00,1284428.00
115226103,Millersburg Area SD,Dauphin,1198.67,16426615.00,1461518.92,1461518.92,208788.00,0.00,0.00,0.00,208788.00
115228003,Steelton-Highspire SD,Dauphin,2911.31,39896537.00,10491204.00,10491204.00,1498743.00,2031631.74,2031632.00,290233.00,1788976.00
115228303,Susquehanna Township SD,Dauphin,5147.06,70535365.00,18591850.80,13195711.93,1885102.00,0.00,0.00,0.00,1885102.00
115229003,Upper Dauphin Area SD,Dauphin,1600.90,21938775.00,693403.34,693403.34,99058.00,0.00,0.00,0.00,99058.00
125231232,Chester-Upland SD,Delaware,14070.26,192818884.00,58398735.34,58398735.34,8342676.00,1258041.06,1258041.00,179720.00,8522396.00
125231303,Chichester SD,Delaware,5265.18,72153986.00,0.00,0.00,0.00,19958115.19,19958115.00,2851159.00,2851159.00
125234103,Garnet Valley SD,Delaware,6512.95,89253398.00,0.00,0.00,0.00,11483906.70,574195.00,82028.00,82028.00
125234502,Haverford Township SD,Delaware,8395.90,115057372.00,0.00,0.00,0.00,0.00,0.00,0.00,0.00
125235103,Interboro SD,Delaware,5434.89,74479774.00,6562689.74,6562689.74,937527.00,11308146.81,11308147.00,1615450.00,2552977.00
125235502,Marple Newtown SD,Delaware,5215.41,71471924.00,0.00,0.00,0.00,0.00,0.00,0.00,0.00
125236903,Penn-Delco SD,Delaware,4475.47,61331868.00,3536460.38,3536460.38,505209.00,5044850.51,3178256.00,454037.00,959246.00
125237603,Radnor Township SD,Delaware,4678.86,64119056.00,0.00,0.00,0.00,0.00,0.00,0.00,0.00
125237702,Ridley SD,Delaware,8480.31,116214155.00,1608384.66,1608384.66,229769.00,21699522.77,21265532.00,3037933.00,3267702.00
125237903,Rose Tree Media SD,Delaware,5213.40,71444379.00,0.00,0.00,0.00,0.00,0.00,0.00,0.00
125238402,Southeast Delco SD,Delaware,8266.20,113279936.00,27504220.56,27504220.56,3929174.00,19505229.39,19505229.00,2786461.00,6715635.00
125238502,Springfield SD,Delaware,5399.39,73993213.00,390777.03,390777.03,55825.00,6496622.78,3508176.00,501168.00,556993.00
125239452,Upper Darby SD,Delaware,20635.64,282790769.00,75122895.12,75122895.12,10731842.00,27761983.70,27761984.00,3965998.00,14697840.00
125239603,Wallingford-Swarthmore SD,Delaware,4774.92,65435558.00,0.00,0.00,0.00,18850717.38,9048344.00,1292621.00,1292621.00
125239652,William Penn SD,Delaware,10463.69,143394435.00,33453341.11,33453341.11,4779049.00,18409018.28,18409018.00,2629860.00,7408909.00
109243503,Johnsonburg Area SD,Elk,856.93,11743328.00,1551300.20,1302106.20,186015.00,0.00,0.00,0.00,186015.00
109246003,Ridgway Area SD,Elk,1185.31,16243529.00,1573068.06,1573068.06,224724.00,0.00,0.00,0.00,224724.00
109248003,Saint Marys Area SD,Elk,2715.86,37218200.00,8181084.68,5550868.68,792981.00,0.00,0.00,0.00,792981.00
105251453,Corry Area SD,Erie,3246.17,44485568.00,10764551.60,10548202.60,1506886.00,0.00,0.00,0.00,1506886.00
105252602,Erie City SD,Erie,22066.31,302396671.00,107255157.88,107255157.88,15322165.00,0.00,0.00,0.00,15322165.00
105253303,Fairview SD,Erie,2290.53,31389355.00,4500109.00,4500109.00,642873.00,10442.08,8667.00,1238.00,644111.00
105253553,Fort LeBoeuf SD,Erie,2888.52,39584292.00,6197141.53,4852443.53,693206.00,0.00,0.00,0.00,693206.00
105253903,General McLane SD,Erie,2926.34,40102604.00,3844862.39,1877470.39,268210.00,0.00,0.00,0.00,268210.00
105254053,Girard SD,Erie,2222.52,30457414.00,2581019.09,2581019.09,368717.00,50552.23,50552.00,7222.00,375939.00
105254353,Harbor Creek SD,Erie,2693.74,36914958.00,3472167.89,3472167.89,496024.00,0.00,0.00,0.00,496024.00
105256553,Iroquois SD,Erie,1982.39,27166700.00,5837207.70,5837207.70,833887.00,1648047.74,1648048.00,235435.00,1069322.00
105257602,Millcreek Township SD,Erie,8916.61,122193210.00,17510922.28,13823243.28,1974749.00,0.00,0.00,0.00,1974749.00
105258303,North East SD,Erie,2207.56,30252334.00,4838559.63,4838559.63,691223.00,0.00,0.00,0.00,691223.00
105258503,Northwestern  SD,Erie,2007.54,27511301.00,3651045.98,1847389.98,263913.00,0.00,0.00,0.00,263913.00
105259103,Union City Area SD,Erie,1562.11,21407197.00,2494369.02,1609026.02,229861.00,0.00,0.00,0.00,229861.00
105259703,Wattsburg Area SD,Erie,1859.16,25477942.00,1675794.08,1675794.08,239399.00,861367.25,861367.00,123052.00,362451.00
101260303,Albert Gallatin Area SD,Fayette,5210.29,71401759.00,16538013.57,11649270.57,1664182.00,0.00,0.00,0.00,1664182.00
101260803,Brownsville Area SD,Fayette,3057.24,41896376.00,12908678.33,12512189.33,1787456.00,0.00,0.00,0.00,1787456.00
101261302,Connellsville Area SD,Fayette,6611.84,90608587.00,20847659.99,13586085.99,1940869.00,0.00,0.00,0.00,1940869.00
101262903,Frazier SD,Fayette,1628.46,22316471.00,3661063.88,3289274.88,469896.00,0.00,0.00,0.00,469896.00
101264003,Laurel Highlands SD,Fayette,4729.92,64818769.00,10298959.54,10298959.54,1471280.00,0.00,0.00,0.00,1471280.00
101268003,Uniontown Area SD,Fayette,4663.09,63902917.00,15309414.93,11296246.93,1613750.00,0.00,0.00,0.00,1613750.00
106272003,Forest Area SD,Forest,801.93,10989635.00,0.00,0.00,0.00,0.00,0.00,0.00,0.00
112281302,Chambersburg Area SD,Franklin,14565.00,199598733.00,52085629.00,52085629.00,7440804.00,0.00,0.00,0.00,7440804.00
112282004,Fannett-Metal SD,Franklin,807.68,11068378.00,2520489.55,537977.55,76854.00,0.00,0.00,0.00,76854.00
112283003,Greencastle-Antrim SD,Franklin,3925.14,53790160.00,12944844.20,12667582.20,1809655.00,0.00,0.00,0.00,1809655.00
112286003,Tuscarora SD,Franklin,3194.25,43774043.00,3948832.00,3948832.00,564119.00,0.00,0.00,0.00,564119.00
112289003,Waynesboro Area SD,Franklin,6368.08,87268155.00,25114711.30,23857963.30,3408280.00,0.00,0.00,0.00,3408280.00
111291304,Central Fulton SD,Fulton,1434.87,19663390.00,2800093.86,2115500.86,302214.00,0.00,0.00,0.00,302214.00
111292304,Forbes Road SD,Fulton,539.28,7390348.00,0.00,0.00,0.00,0.00,0.00,0.00,0.00
111297504,Southern Fulton SD,Fulton,1070.94,14676217.00,1101387.14,1937.14,277.00,0.00,0.00,0.00,277.00
101301303,Carmichaels Area SD,Greene,1625.45,22275222.00,3901524.30,3901524.30,557361.00,0.00,0.00,0.00,557361.00
101301403,Central Greene SD,Greene,2404.88,32956407.00,2994615.99,2994615.99,427802.00,0.00,0.00,0.00,427802.00
101303503,Jefferson-Morgan SD,Greene,1127.15,15446505.00,652216.87,652216.87,93174.00,205786.42,205786.00,29398.00,122572.00
101306503,Southeastern Greene SD,Greene,965.86,13236187.00,1235454.25,925694.25,132242.00,0.00,0.00,0.00,132242.00
101308503,West Greene SD,Greene,1064.25,14584413.00,0.00,0.00,0.00,0.00,0.00,0.00,0.00
111312503,Huntingdon Area SD,Huntingdon,2872.04,39358477.00,7925894.12,4825271.12,689324.00,0.00,0.00,0.00,689324.00
111312804,Juniata Valley SD,Huntingdon,1188.97,16293576.00,4035383.27,3346386.27,478055.00,0.00,0.00,0.00,478055.00
111316003,Mount Union Area SD,Huntingdon,2043.29,28001178.00,6427356.94,4326343.94,618049.00,0.00,0.00,0.00,618049.00
111317503,Southern Huntingdon County SD,Huntingdon,1753.72,24033034.00,6761733.21,3470857.21,495837.00,0.00,0.00,0.00,495837.00
128323303,Homer-Center SD,Indiana,1258.32,17244045.00,442760.42,442760.42,63251.00,854437.78,854438.00,122063.00,185314.00
128323703,Indiana Area SD,Indiana,3864.56,52959971.00,289504.63,289504.63,41358.00,502803.72,407271.00,58182.00,99540.00
128325203,Marion Center Area SD,Indiana,1986.04,27216692.00,1443821.49,1443821.49,206260.00,0.00,0.00,0.00,206260.00
128326303,Penns Manor Area SD,Indiana,1336.95,18321590.00,536441.38,536441.38,76634.00,163563.57,163564.00,23366.00,100000.00
128327303,Purchase Line SD,Indiana,1429.17,19585400.00,1003220.02,0.00,0.00,0.00,0.00,0.00,0.00
128321103,River Valley SD,Indiana,2289.60,31376720.00,0.00,0.00,0.00,1113270.51,1113271.00,159039.00,159039.00
128328003,United SD,Indiana,1572.44,21548773.00,869824.12,869824.12,124261.00,0.00,0.00,0.00,124261.00
106330703,Brockway Area SD,Jefferson,1504.65,20619696.00,4251993.75,2429659.75,347094.00,0.00,0.00,0.00,347094.00
106330803,Brookville Area SD,Jefferson,2238.92,30682173.00,7196110.17,5794500.17,827786.00,0.00,0.00,0.00,827786.00
106338003,Punxsutawney Area SD,Jefferson,3359.70,46041288.00,6887648.04,3481906.04,497415.00,0.00,0.00,0.00,497415.00
111343603,Juniata County SD,Juniata,3668.63,50274960.00,9030777.88,2227838.88,318263.00,0.00,0.00,0.00,318263.00
119350303,Abington Heights SD,Lackawanna,4331.23,59355203.00,8263729.19,2943769.19,420538.00,0.00,0.00,0.00,420538.00
119351303,Carbondale Area SD,Lackawanna,3038.21,41635657.00,15428759.39,15428759.39,2204108.00,9499.62,9500.00,1357.00,2205465.00
119352203,Dunmore SD,Lackawanna,2134.25,29247693.00,3290327.38,3177113.38,453873.00,0.00,0.00,0.00,453873.00
119354603,Lakeland SD,Lackawanna,2195.05,30080965.00,4726017.82,3151737.82,450248.00,0.00,0.00,0.00,450248.00
119355503,Mid Valley SD,Lackawanna,2819.01,38631727.00,7543506.37,7543506.37,1077644.00,0.00,0.00,0.00,1077644.00
119356503,North Pocono SD,Lackawanna,4041.24,55381194.00,0.00,0.00,0.00,63268.42,47451.00,6779.00,6779.00
119356603,Old Forge SD,Lackawanna,1480.77,20292499.00,5071838.29,5071838.29,724548.00,0.00,0.00,0.00,724548.00
119357003,Riverside  SD,Lackawanna,2614.17,35824517.00,10063183.05,10063183.05,1437598.00,0.00,0.00,0.00,1437598.00
119357402,Scranton SD,Lackawanna,17740.53,243116251.00,85412718.19,85412718.19,12201817.00,19868746.72,19868747.00,2838392.00,15040209.00
119358403,Valley View SD,Lackawanna,3323.77,45548999.00,8191451.00,4924698.00,703528.00,0.00,0.00,0.00,703528.00
113361303,Cocalico SD,Lancaster,4238.01,58077675.00,0.00,0.00,0.00,1225059.22,784038.00,112005.00,112005.00
113361503,Columbia Borough SD,Lancaster,2221.12,30438174.00,4871924.42,4871924.42,695989.00,3609681.18,3609681.00,515669.00,1211658.00
113361703,Conestoga Valley SD,Lancaster,6031.61,82657115.00,12772431.45,12772431.45,1824633.00,0.00,0.00,0.00,1824633.00
113362203,Donegal SD,Lancaster,4217.50,57796647.00,9377083.34,9377083.34,1339583.00,2144712.74,1930241.00,275749.00,1615332.00
113362303,Eastern Lancaster County SD,Lancaster,4064.68,55702430.00,0.00,0.00,0.00,0.00,0.00,0.00,0.00
113362403,Elizabethtown Area SD,Lancaster,5022.82,68832780.00,4681980.38,4681980.38,668854.00,931366.79,679898.00,97128.00,765982.00
113362603,Ephrata Area SD,Lancaster,6174.51,84615444.00,15133255.30,15133255.30,2161894.00,0.00,0.00,0.00,2161894.00
113363103,Hempfield  SD,Lancaster,9737.55,133443426.00,9440569.75,9440569.75,1348653.00,0.00,0.00,0.00,1348653.00
113363603,Lampeter-Strasburg SD,Lancaster,3744.35,51312586.00,1140114.22,1140114.22,162873.00,0.00,0.00,0.00,162873.00
113364002,Lancaster SD,Lancaster,19627.45,268974561.00,41247053.00,41247053.00,5892436.00,15479344.28,15479344.00,2211335.00,8103771.00
113364403,Manheim Central SD,Lancaster,4157.47,56973941.00,4069867.54,4069867.54,581410.00,0.00,0.00,0.00,581410.00
113364503,Manheim Township SD,Lancaster,8000.45,109638098.00,19092477.44,19092477.44,2727497.00,0.00,0.00,0.00,2727497.00
113365203,Penn Manor SD,Lancaster,8064.82,110520238.00,26342430.77,26342430.77,3763204.00,0.00,0.00,0.00,3763204.00
113365303,Pequea Valley SD,Lancaster,2329.85,31928251.00,0.00,0.00,0.00,0.00,0.00,0.00,0.00
113367003,Solanco SD,Lancaster,4669.92,63996515.00,5446244.71,2986300.71,426614.00,0.00,0.00,0.00,426614.00
113369003,Warwick SD,Lancaster,5252.70,71982946.00,5669336.99,5669336.99,809905.00,0.00,0.00,0.00,809905.00
104372003,Ellwood City Area SD,Lawrence,2506.82,34353420.00,4635115.40,3563469.40,509067.00,0.00,0.00,0.00,509067.00
104374003,Laurel  SD,Lawrence,1353.44,18547473.00,417110.66,0.00,0.00,0.00,0.00,0.00,0.00
104375003,Mohawk Area SD,Lawrence,2065.81,28309888.00,4794563.91,2514214.91,359174.00,0.00,0.00,0.00,359174.00
104375203,Neshannock Township SD,Lawrence,1608.09,22037265.00,2415760.64,2415760.64,345109.00,0.00,0.00,0.00,345109.00
104375302,New Castle Area SD,Lawrence,5183.37,71032930.00,11109500.44,11109500.44,1587071.00,0.00,0.00,0.00,1587071.00
104376203,Shenango Area SD,Lawrence,1485.50,20357292.00,238033.16,0.00,0.00,0.00,0.00,0.00,0.00
104377003,Union Area SD,Lawrence,1119.53,15342012.00,2286651.00,1966801.00,280972.00,0.00,0.00,0.00,280972.00
104378003,Wilmington Area SD,Lawrence,1513.91,20746623.00,368640.56,0.00,0.00,0.00,0.00,0.00,0.00
113380303,Annville-Cleona SD,Lebanon,1938.71,26568109.00,2032996.92,2032996.92,290428.00,0.00,0.00,0.00,290428.00
113381303,Cornwall-Lebanon SD,Lebanon,6933.53,95017095.00,16328597.28,16328597.28,2332657.00,0.00,0.00,0.00,2332657.00
113382303,Eastern Lebanon County SD,Lebanon,3383.62,46369101.00,1843607.43,1843607.43,263372.00,0.00,0.00,0.00,263372.00
113384603,Lebanon SD,Lebanon,9847.19,134945823.00,62641695.21,62641695.21,8948814.00,4375660.09,4375660.00,625094.00,9573908.00
113385003,Northern Lebanon SD,Lebanon,3312.21,45390526.00,6172750.49,6172750.49,881821.00,0.00,0.00,0.00,881821.00
113385303,Palmyra Area SD,Lebanon,4781.33,65523346.00,15313421.62,12662253.36,1808893.00,0.00,0.00,0.00,1808893.00
121390302,Allentown City SD,Lehigh,37753.24,517370428.00,189554871.00,189554871.00,27079267.00,16972073.95,16972074.00,2424582.00,29503849.00
121391303,Catasauqua Area SD,Lehigh,2469.35,33839959.00,1335360.18,1335360.18,190766.00,3423767.30,3149866.00,449981.00,640747.00
121392303,East Penn SD,Lehigh,11466.87,157141959.00,9526066.74,9526066.74,1360867.00,0.00,0.00,0.00,1360867.00
121394503,Northern Lehigh SD,Lehigh,2428.05,33273942.00,209537.80,209537.80,29934.00,4094327.72,4094328.00,584904.00,614838.00
121394603,Northwestern Lehigh SD,Lehigh,2806.67,38462606.00,0.00,0.00,0.00,0.00,0.00,0.00,0.00
121395103,Parkland SD,Lehigh,13876.71,190166393.00,2597282.94,2597282.94,371040.00,0.00,0.00,0.00,371040.00
121395603,Salisbury Township SD,Lehigh,2626.66,35995776.00,0.00,0.00,0.00,4905261.26,2207368.00,315338.00,315338.00
121395703,Southern Lehigh SD,Lehigh,3876.30,53120870.00,0.00,0.00,0.00,0.00,0.00,0.00,0.00
121397803,Whitehall-Coplay SD,Lehigh,6880.57,94291304.00,16106864.21,16106864.21,2300981.00,6083253.92,6083254.00,869036.00,3170017.00
118401403,Crestwood SD,Luzerne,3698.55,50684957.00,8742644.23,5629306.23,804187.00,0.00,0.00,0.00,804187.00
118401603,Dallas SD,Luzerne,3312.75,45397953.00,4522510.41,2555983.41,365140.00,0.00,0.00,0.00,365140.00
118402603,Greater Nanticoke Area SD,Luzerne,4255.07,58311534.00,25989992.69,25689674.69,3669954.00,0.00,0.00,0.00,3669954.00
118403003,Hanover Area SD,Luzerne,3847.95,52732348.00,18195399.71,18195399.71,2599343.00,1619917.48,1619917.00,231417.00,2830760.00
118403302,Hazleton Area SD,Luzerne,20894.12,286332952.00,126320395.05,126320395.05,18045771.00,0.00,0.00,0.00,18045771.00
118403903,Lake-Lehman SD,Luzerne,2307.05,31615854.00,1517260.37,0.00,0.00,0.00,0.00,0.00,0.00
118406003,Northwest Area SD,Luzerne,1581.69,21675493.00,353615.40,0.00,0.00,0.00,0.00,0.00,0.00
118406602,Pittston Area SD,Luzerne,4685.18,64205707.00,11158346.07,11158346.07,1594049.00,0.00,0.00,0.00,1594049.00
118408852,Wilkes-Barre Area SD,Luzerne,15096.19,206878243.00,83845967.19,83845967.19,11977995.00,9739328.92,9739329.00,1391333.00,13369328.00
118409203,Wyoming Area SD,Luzerne,3179.52,43572142.00,4416685.39,4416685.39,630955.00,0.00,0.00,0.00,630955.00
118409302,Wyoming Valley West SD,Luzerne,9447.23,129464785.00,51592056.18,51592056.18,7370294.00,1803749.28,1803749.00,257678.00,7627972.00
117412003,East Lycoming SD,Lycoming,2304.28,31577908.00,6828889.86,6321762.86,903109.00,0.00,0.00,0.00,903109.00
117414003,Jersey Shore Area SD,Lycoming,3192.21,43746087.00,2595354.61,2595354.61,370765.00,0.00,0.00,0.00,370765.00
117414203,Loyalsock Township SD,Lycoming,2081.28,28521793.00,6279959.28,6279959.28,897137.00,0.00,0.00,0.00,897137.00
117415004,Montgomery Area SD,Lycoming,1334.97,18294456.00,1251525.31,1251525.31,178789.00,0.00,0.00,0.00,178789.00
117415103,Montoursville Area SD,Lycoming,2578.43,35334846.00,6652452.82,6234251.82,890607.00,0.00,0.00,0.00,890607.00
117415303,Muncy SD,Lycoming,1339.41,18355275.00,555468.44,555468.44,79353.00,0.00,0.00,0.00,79353.00
117416103,South Williamsport Area SD,Lycoming,1669.04,22872524.00,3399070.81,3399070.81,485582.00,0.00,0.00,0.00,485582.00
117417202,Williamsport Area SD,Lycoming,8102.38,111035070.00,25355516.14,25355516.14,3622217.00,0.00,0.00,0.00,3622217.00
109420803,Bradford Area SD,McKean,3583.21,49104255.00,7288809.56,7288809.56,1041259.00,0.00,0.00,0.00,1041259.00
109422303,Kane Area SD,McKean,1559.87,21376404.00,4561914.63,4561914.63,651702.00,0.00,0.00,0.00,651702.00
109426003,Otto-Eldred SD,McKean,864.55,11847834.00,242906.90,242906.90,34701.00,0.00,0.00,0.00,34701.00
109426303,Port Allegany SD,McKean,1480.57,20289663.00,5836153.82,5704245.82,814892.00,0.00,0.00,0.00,814892.00
109427503,Smethport Area SD,McKean,1312.12,17981265.00,2780863.93,2780863.93,397266.00,0.00,0.00,0.00,397266.00
104431304,Commodore Perry SD,Mercer,758.29,10391647.00,698756.86,0.00,0.00,0.00,0.00,0.00,0.00
104432503,Farrell Area SD,Mercer,1423.79,19511632.00,0.00,0.00,0.00,1223720.33,1223720.00,174817.00,174817.00
104432803,Greenville Area SD,Mercer,1785.42,24467341.00,3220102.31,3220102.31,460015.00,0.00,0.00,0.00,460015.00
104432903,Grove City Area SD,Mercer,2552.60,34980830.00,180672.60,0.00,0.00,0.00,0.00,0.00,0.00
104433303,Hermitage SD,Mercer,2868.02,39303401.00,7779232.15,7164348.15,1023478.00,0.00,0.00,0.00,1023478.00
104433604,Jamestown Area SD,Mercer,654.62,8970858.00,0.00,0.00,0.00,0.00,0.00,0.00,0.00
104433903,Lakeview SD,Mercer,1404.31,19244637.00,0.00,0.00,0.00,0.00,0.00,0.00,0.00
104435003,Mercer Area SD,Mercer,1604.82,21992508.00,3984495.09,2984764.09,426395.00,0.00,0.00,0.00,426395.00
104435303,Reynolds SD,Mercer,1642.96,22515165.00,2443484.49,2443484.49,349069.00,0.00,0.00,0.00,349069.00
104435603,Sharon City SD,Mercer,3494.33,47886257.00,11358669.98,11358669.98,1622667.00,1542978.37,1542978.00,220425.00,1843092.00
104435703,Sharpsville Area SD,Mercer,1692.03,23187565.00,7193956.24,7193956.24,1027708.00,0.00,0.00,0.00,1027708.00
104437503,West Middlesex Area SD,Mercer,1165.14,15967092.00,469312.97,339446.97,48492.00,0.00,0.00,0.00,48492.00
111444602,Mifflin County SD,Mifflin,7393.29,101317578.00,23484384.39,23484384.39,3354912.00,0.00,0.00,0.00,3354912.00
120452003,East Stroudsburg Area SD,Monroe,10765.68,147532906.00,0.00,0.00,0.00,57975996.68,57975997.00,8282285.00,8282285.00
120455203,Pleasant Valley SD,Monroe,6393.76,87620073.00,0.00,0.00,0.00,16935795.98,16935796.00,2419399.00,2419399.00
120455403,Pocono Mountain SD,Monroe,15354.95,210424235.00,0.00,0.00,0.00,43902881.27,42146766.00,6020967.00,6020967.00
120456003,Stroudsburg Area SD,Monroe,7370.83,101009895.00,0.00,0.00,0.00,31678037.12,31678037.00,4525434.00,4525434.00
123460302,Abington  SD,Montgomery,11304.09,154911236.00,0.00,0.00,0.00,0.00,0.00,0.00,0.00
123460504,Bryn Athyn SD,Montgomery,4.00,54857.00,0.00,0.00,0.00,0.00,0.00,0.00,0.00
123461302,Cheltenham Township SD,Montgomery,6427.27,88079335.00,0.00,0.00,0.00,37059136.66,15564837.00,2223548.00,2223548.00
123461602,Colonial SD,Montgomery,7139.91,97845368.00,0.00,0.00,0.00,0.00,0.00,0.00,0.00
123463603,Hatboro-Horsham SD,Montgomery,6075.48,83258433.00,0.00,0.00,0.00,0.00,0.00,0.00,0.00
123463803,Jenkintown SD,Montgomery,922.39,12640364.00,0.00,0.00,0.00,3876794.19,1860861.00,265837.00,265837.00
123464502,Lower Merion SD,Montgomery,11600.48,158972951.00,0.00,0.00,0.00,0.00,0.00,0.00,0.00
123464603,Lower Moreland Township SD,Montgomery,3201.95,43879564.00,0.00,0.00,0.00,3077728.56,1138760.00,162680.00,162680.00
123465303,Methacton SD,Montgomery,5982.22,81980274.00,0.00,0.00,0.00,4040217.13,0.00,0.00,0.00
123465602,Norristown Area SD,Montgomery,15268.62,209241114.00,53012909.22,53012909.22,7573273.00,30423331.53,30423332.00,4346190.00,11919463.00
123465702,North Penn SD,Montgomery,18868.06,258567949.00,0.00,0.00,0.00,0.00,0.00,0.00,0.00
123466103,Perkiomen Valley SD,Montgomery,7659.61,104967227.00,0.00,0.00,0.00,9422538.88,3486339.00,498048.00,498048.00
123466303,Pottsgrove SD,Montgomery,4649.95,63722929.00,1787379.00,1787379.00,255340.00,12398536.91,11654625.00,1664946.00,1920286.00
123466403,Pottstown SD,Montgomery,5437.50,74515541.00,8723205.15,8723205.15,1246172.00,13780182.36,13780182.00,1968597.00,3214769.00
123467103,Souderton Area SD,Montgomery,9060.89,124170368.00,0.00,0.00,0.00,0.00,0.00,0.00,0.00
123467203,Springfield Township SD,Montgomery,3269.81,44809504.00,0.00,0.00,0.00,0.00,0.00,0.00,0.00
123467303,Spring-Ford Area SD,Montgomery,10856.34,148775311.00,0.00,0.00,0.00,0.00,0.00,0.00,0.00
123468303,Upper Dublin SD,Montgomery,5203.08,71302967.00,0.00,0.00,0.00,7238411.31,0.00,0.00,0.00
123468402,Upper Merion Area SD,Montgomery,6332.68,86783019.00,0.00,0.00,0.00,0.00,0.00,0.00,0.00
123468503,Upper Moreland Township SD,Montgomery,4532.17,62108899.00,803657.02,803657.02,114808.00,4383877.72,2016584.00,288083.00,402891.00
123468603,Upper Perkiomen SD,Montgomery,4554.13,62409798.00,291711.57,291711.57,41673.00,1434758.67,989983.00,141426.00,183099.00
123469303,Wissahickon SD,Montgomery,6501.87,89101640.00,0.00,0.00,0.00,0.00,0.00,0.00,0.00
116471803,Danville Area SD,Montour,3076.68,42162795.00,597395.17,0.00,0.00,0.00,0.00,0.00,0.00
120480803,Bangor Area SD,Northampton,4236.45,58056283.00,3739144.80,3739144.80,534164.00,3800831.79,3648799.00,521257.00,1055421.00
120481002,Bethlehem Area SD,Northampton,24305.19,333078296.00,53880486.09,53880486.09,7697212.00,0.00,0.00,0.00,7697212.00
120483302,Easton Area SD,Northampton,13309.27,182390277.00,9526466.98,9526466.98,1360924.00,22672263.14,21992095.00,3141728.00,4502652.00
120484803,Nazareth Area SD,Northampton,6395.37,87642096.00,0.00,0.00,0.00,1865503.24,1026027.00,146575.00,146575.00
120484903,Northampton Area SD,Northampton,8095.75,110944158.00,4289098.62,4289098.62,612728.00,8202921.50,6152191.00,878884.00,1491612.00
120485603,Pen Argyl Area SD,Northampton,2241.34,30715351.00,0.00,0.00,0.00,2619704.74,2121961.00,303137.00,303137.00
120486003,Saucon Valley SD,Northampton,2704.96,37068731.00,0.00,0.00,0.00,0.00,0.00,0.00,0.00
120488603,Wilson Area SD,Northampton,3741.12,51268350.00,11928133.97,11928133.97,1704019.00,2793444.52,2569969.00,367138.00,2071157.00
116493503,Line Mountain SD,Northumberland,1595.15,21859963.00,2346879.91,2346879.91,335269.00,0.00,0.00,0.00,335269.00
116495003,Milton Area SD,Northumberland,3093.93,42399258.00,7709559.68,7709559.68,1101366.00,0.00,0.00,0.00,1101366.00
116495103,Mount Carmel Area SD,Northumberland,2519.23,34523555.00,13402915.54,13402915.54,1914702.00,0.00,0.00,0.00,1914702.00
116496503,Shamokin Area SD,Northumberland,3544.14,48568922.00,16239731.12,13755338.12,1965048.00,0.00,0.00,0.00,1965048.00
116496603,Shikellamy SD,Northumberland,4442.49,60879938.00,15124919.77,15124919.77,2160703.00,632705.79,632706.00,90387.00,2251090.00
116498003,Warrior Run SD,Northumberland,1996.78,27363873.00,5769822.90,5769822.90,824260.00,0.00,0.00,0.00,824260.00
115503004,Greenwood SD,Perry,1135.29,15557973.00,2356954.83,2356954.83,336708.00,0.00,0.00,0.00,336708.00
115504003,Newport SD,Perry,1657.27,22711228.00,2739664.82,2739664.82,391381.00,112344.44,112344.00,16049.00,407430.00
115506003,Susquenita SD,Perry,2644.17,36235637.00,5388894.05,5388894.05,769842.00,0.00,0.00,0.00,769842.00
115508003,West Perry SD,Perry,3329.03,45621027.00,1405026.15,1405026.15,200718.00,0.00,0.00,0.00,200718.00
126515001,Philadelphia City SD,Philadelphia,385517.23,5283128079.00,1418543037.59,1418543037.59,202649005.00,0.00,0.00,0.00,202649005.00
120522003,Delaware Valley SD,Pike,6105.75,83673171.00,0.00,0.00,0.00,5681721.26,5397635.00,771091.00,771091.00
119648303,Wallenpaupack Area SD,Pike,4317.34,59164827.00,0.00,0.00,0.00,0.00,0.00,0.00,0.00
109530304,Austin Area SD,Potter,246.80,3382092.00,0.00,0.00,0.00,8428.24,8344.00,1192.00,1192.00
109531304,Coudersport Area SD,Potter,1131.85,15510804.00,2171703.46,1989322.46,284189.00,0.00,0.00,0.00,284189.00
109532804,Galeton Area SD,Potter,654.47,8968816.00,1286482.51,940464.51,134352.00,0.00,0.00,0.00,134352.00
109535504,Northern Potter SD,Potter,879.19,12048447.00,766151.26,79574.26,11368.00,0.00,0.00,0.00,11368.00
109537504,Oswayo Valley SD,Potter,687.18,9417156.00,918235.49,918235.49,131176.00,0.00,0.00,0.00,131176.00
129540803,Blue Mountain SD,Schuylkill,3372.95,46222921.00,3609684.54,3609684.54,515669.00,0.00,0.00,0.00,515669.00
129544503,Mahanoy Area SD,Schuylkill,1933.15,26491929.00,6614284.02,6614284.02,944898.00,755153.21,755153.00,107879.00,1052777.00
129544703,Minersville Area SD,Schuylkill,2036.97,27914692.00,8151765.37,8151765.37,1164538.00,679543.37,679543.00,97078.00,1261616.00
129545003,North Schuylkill SD,Schuylkill,2930.46,40158969.00,9342766.51,9342766.51,1334681.00,144084.27,144084.00,20583.00,1355264.00
129546003,Pine Grove Area SD,Schuylkill,2018.93,27667362.00,4256977.09,4256977.09,608140.00,0.00,0.00,0.00,608140.00
129546103,Pottsville Area SD,Schuylkill,3658.03,50129575.00,13266752.98,13266752.98,1895250.00,168820.12,168820.00,24117.00,1919367.00
129546803,Saint Clair Area SD,Schuylkill,1208.32,16558804.00,5334010.71,5334010.71,762002.00,0.00,0.00,0.00,762002.00
129547303,Schuylkill Haven Area SD,Schuylkill,1625.81,22280155.00,1694617.66,1694617.66,242088.00,0.00,0.00,0.00,242088.00
129547203,Shenandoah Valley SD,Schuylkill,2314.90,31723376.00,12049556.37,12049556.37,1721365.00,1199315.01,1199315.00,171331.00,1892696.00
129547603,Tamaqua Area SD,Schuylkill,3270.80,44823016.00,12951192.06,12951192.06,1850170.00,0.00,0.00,0.00,1850170.00
129547803,Tri-Valley SD,Schuylkill,1307.14,17913047.00,4553579.24,3723816.24,531974.00,0.00,0.00,0.00,531974.00
129548803,Williams Valley SD,Schuylkill,1734.59,23770821.00,4017194.19,3743692.19,534813.00,0.00,0.00,0.00,534813.00
116555003,Midd-West SD,Snyder,2972.18,40730714.00,6287146.69,6287146.69,898164.00,0.00,0.00,0.00,898164.00
116557103,Selinsgrove Area SD,Snyder,3364.28,46104148.00,4613114.76,4613114.76,659016.00,0.00,0.00,0.00,659016.00
108561003,Berlin Brothersvalley SD,Somerset,1053.00,14430367.00,2381298.40,651076.40,93011.00,0.00,0.00,0.00,93011.00
108561803,Conemaugh Township Area SD,Somerset,1268.63,17385251.00,2956899.96,1064858.96,152123.00,0.00,0.00,0.00,152123.00
108565203,Meyersdale Area SD,Somerset,1231.14,16871556.00,937359.56,0.00,0.00,0.00,0.00,0.00,0.00
108565503,North Star SD,Somerset,1544.36,21163937.00,3090422.75,2139813.75,305688.00,0.00,0.00,0.00,305688.00
108566303,Rockwood Area SD,Somerset,1001.48,13724255.00,2049674.69,0.00,0.00,0.00,0.00,0.00,0.00
108567004,Salisbury-Elk Lick SD,Somerset,459.29,6294042.00,392388.57,0.00,0.00,0.00,0.00,0.00,0.00
108567204,Shade-Central City SD,Somerset,739.33,10131724.00,1691094.81,1691094.81,241585.00,0.00,0.00,0.00,241585.00
108567404,Shanksville-Stonycreek SD,Somerset,432.51,5927062.00,0.00,0.00,0.00,0.00,0.00,0.00,0.00
108567703,Somerset Area SD,Somerset,2815.81,38587833.00,1548777.02,1548777.02,221254.00,0.00,0.00,0.00,221254.00
108568404,Turkeyfoot Valley Area SD,Somerset,536.04,7345920.00,1267097.98,183826.98,26261.00,0.00,0.00,0.00,26261.00
108569103,Windber Area SD,Somerset,1726.23,23656297.00,6397709.86,4712096.86,673157.00,0.00,0.00,0.00,673157.00
117576303,Sullivan County SD,Sullivan,1049.22,14378456.00,0.00,0.00,0.00,0.00,0.00,0.00,0.00
119581003,Blue Ridge SD,Susquehanna,1414.91,19389954.00,345349.16,345349.16,49336.00,0.00,0.00,0.00,49336.00
119582503,Elk Lake SD,Susquehanna,1752.01,24009586.00,2209264.48,1442995.48,206142.00,0.00,0.00,0.00,206142.00
119583003,Forest City Regional SD,Susquehanna,1268.08,17377741.00,990009.21,990009.21,141430.00,0.00,0.00,0.00,141430.00
119584503,Montrose Area SD,Susquehanna,1831.46,25098273.00,0.00,0.00,0.00,0.00,0.00,0.00,0.00
119584603,Mountain View SD,Susquehanna,1417.59,19426653.00,0.00,0.00,0.00,0.00,0.00,0.00,0.00
119586503,Susquehanna Community SD,Susquehanna,1295.41,17752340.00,137331.16,137331.16,19619.00,0.00,0.00,0.00,19619.00
117596003,Northern Tioga SD,Tioga,3294.43,45146882.00,11294712.30,11294712.30,1613530.00,0.00,0.00,0.00,1613530.00
117597003,Southern Tioga SD,Tioga,2699.09,36988357.00,5515007.92,5515007.92,787858.00,0.00,0.00,0.00,787858.00
117598503,Wellsboro Area SD,Tioga,2235.56,30636046.00,4663139.91,4663139.91,666163.00,0.00,0.00,0.00,666163.00
116604003,Lewisburg Area SD,Union,2566.64,35173221.00,430412.95,430412.95,61488.00,0.00,0.00,0.00,61488.00
116605003,Mifflinburg Area SD,Union,2613.57,35816363.00,2203656.22,2203656.22,314808.00,0.00,0.00,0.00,314808.00
106611303,Cranberry Area SD,Venango,1841.95,25242042.00,5724549.50,4345360.50,620766.00,0.00,0.00,0.00,620766.00
106612203,Franklin Area SD,Venango,2891.66,39627350.00,6507876.91,6507876.91,929697.00,0.00,0.00,0.00,929697.00
106616203,Oil City Area SD,Venango,2688.46,36842711.00,4668587.30,4615399.30,659343.00,0.00,0.00,0.00,659343.00
106617203,Titusville Area SD,Venango,2999.75,41108574.00,7758399.75,7758399.75,1108343.00,0.00,0.00,0.00,1108343.00
106618603,Valley Grove SD,Venango,1292.03,17705911.00,2468383.63,1074492.63,153499.00,0.00,0.00,0.00,153499.00
105628302,Warren County SD,Warren,6265.45,85861727.00,5532084.12,5532084.12,790298.00,0.00,0.00,0.00,790298.00
101630504,Avella Area SD,Washington,776.90,10646583.00,0.00,0.00,0.00,0.00,0.00,0.00,0.00
101630903,Bentworth SD,Washington,1596.36,21876490.00,4113961.08,4039752.08,577107.00,0.00,0.00,0.00,577107.00
101631003,Bethlehem-Center SD,Washington,1779.89,24391599.00,3532129.94,2840208.94,405744.00,0.00,0.00,0.00,405744.00
101631203,Burgettstown Area SD,Washington,1577.81,21622363.00,869071.57,790240.57,112892.00,0.00,0.00,0.00,112892.00
101631503,California Area SD,Washington,1340.46,18369691.00,3286150.90,3286150.90,469450.00,0.00,0.00,0.00,469450.00
101631703,Canon-McMillan SD,Washington,7315.37,100249817.00,19577173.63,996172.38,142310.00,0.00,0.00,0.00,142310.00
101631803,Charleroi SD,Washington,2461.84,33737096.00,8899279.57,8899279.57,1271326.00,439002.88,439003.00,62715.00,1334041.00
101631903,Chartiers-Houston SD,Washington,1561.89,21404182.00,1067394.99,1067394.99,152485.00,0.00,0.00,0.00,152485.00
101632403,Fort Cherry SD,Washington,1382.63,18947562.00,252815.98,191542.98,27363.00,0.00,0.00,0.00,27363.00
101633903,McGuffey SD,Washington,2264.94,31038669.00,1052276.94,688535.94,98362.00,0.00,0.00,0.00,98362.00
101636503,Peters Township SD,Washington,4551.66,62375894.00,0.00,0.00,0.00,0.00,0.00,0.00,0.00
101637002,Ringgold SD,Washington,4104.72,56251014.00,14402438.59,14402438.59,2057491.00,0.00,0.00,0.00,2057491.00
101638003,Trinity Area SD,Washington,4657.72,63829326.00,5373927.35,5373927.35,767704.00,0.00,0.00,0.00,767704.00
101638803,Washington SD,Washington,2438.67,33419575.00,6653130.05,6653130.05,950447.00,0.00,0.00,0.00,950447.00
119648703,Wayne Highlands SD,Wayne,3627.05,49705134.00,0.00,0.00,0.00,0.00,0.00,0.00,0.00
119648903,Western Wayne SD,Wayne,2704.54,37063044.00,0.00,0.00,0.00,0.00,0.00,0.00,0.00
107650603,Belle Vernon Area SD,Westmoreland,3369.05,46169393.00,10004287.80,10004287.80,1429184.00,0.00,0.00,0.00,1429184.00
107650703,Burrell SD,Westmoreland,2358.31,32318321.00,2581839.12,2581839.12,368834.00,0.00,0.00,0.00,368834.00
107651603,Derry Area SD,Westmoreland,2871.16,39346336.00,5449679.82,5449679.82,778526.00,0.00,0.00,0.00,778526.00
107652603,Franklin Regional SD,Westmoreland,4304.30,58986113.00,0.00,0.00,0.00,0.00,0.00,0.00,0.00
107653102,Greater Latrobe SD,Westmoreland,5059.37,69333620.00,12777482.39,11173284.39,1596183.00,0.00,0.00,0.00,1596183.00
107653203,Greensburg Salem SD,Westmoreland,3979.48,54534849.00,9822138.57,9822138.57,1403163.00,0.00,0.00,0.00,1403163.00
107653802,Hempfield Area SD,Westmoreland,7302.42,100072405.00,9696597.14,9371417.14,1338774.00,0.00,0.00,0.00,1338774.00
107654103,Jeannette City SD,Westmoreland,1780.69,24402507.00,5461775.40,5461775.40,780254.00,0.00,0.00,0.00,780254.00
107654403,Kiski Area SD,Westmoreland,5107.19,69988973.00,11217856.32,11217856.32,1602551.00,0.00,0.00,0.00,1602551.00
107654903,Ligonier Valley SD,Westmoreland,2249.90,30832616.00,384277.35,0.00,0.00,0.00,0.00,0.00,0.00
107655803,Monessen City SD,Westmoreland,1292.31,17709857.00,2132515.44,2132515.44,304645.00,467350.30,467350.00,66764.00,371409.00
107655903,Mount Pleasant Area SD,Westmoreland,2791.70,38257388.00,6343699.05,5475214.05,782173.00,0.00,0.00,0.00,782173.00
107656303,New Kensington-Arnold SD,Westmoreland,3389.27,46446515.00,10740599.82,10740599.82,1534371.00,1047543.88,1047544.00,149649.00,1684020.00
107656502,Norwin SD,Westmoreland,6800.79,93197985.00,21325834.80,17231093.80,2461585.00,0.00,0.00,0.00,2461585.00
107657103,Penn-Trafford SD,Westmoreland,4678.33,64111862.00,3223022.33,1191733.33,170248.00,0.00,0.00,0.00,170248.00
107657503,Southmoreland SD,Westmoreland,2738.43,37527500.00,7946572.20,5808801.20,829829.00,0.00,0.00,0.00,829829.00
107658903,Yough SD,Westmoreland,2800.50,38378066.00,7291240.68,6830159.68,975737.00,0.00,0.00,0.00,975737.00
119665003,Lackawanna Trail SD,Wyoming,1600.88,21938405.00,880779.59,880779.59,125826.00,0.00,0.00,0.00,125826.00
118667503,Tunkhannock Area SD,Wyoming,3320.40,45502693.00,0.00,0.00,0.00,0.00,0.00,0.00,0.00
112671303,Central York SD,York,7716.02,105740311.00,11255369.73,11255369.73,1607910.00,0.00,0.00,0.00,1607910.00
112671603,Dallastown Area SD,York,8932.47,122410528.00,15195910.35,15195910.35,2170844.00,14911483.82,14762369.00,2108910.00,4279754.00
112671803,Dover Area SD,York,5040.39,69073491.00,7162239.75,7162239.75,1023177.00,1654712.55,1654713.00,236388.00,1259565.00
112672203,Eastern York SD,York,3602.22,49364782.00,4436707.82,4436707.82,633815.00,5741279.62,5454216.00,779174.00,1412989.00
112672803,Hanover Public SD,York,3616.94,49566532.00,15829616.00,15829616.00,2261374.00,5339340.76,5339341.00,762763.00,3024137.00
112674403,Northeastern York SD,York,5587.20,76567044.00,7357541.92,7357541.92,1051077.00,9389479.13,9389479.00,1341354.00,2392431.00
115674603,Northern York County SD,York,4420.36,60576668.00,8880637.36,8880637.36,1268662.00,1048307.31,1027341.00,146763.00,1415425.00
112675503,Red Lion Area SD,York,7390.48,101279193.00,14959172.00,14959172.00,2137025.00,3996989.33,3996989.00,570998.00,2708023.00
112676203,South Eastern SD,York,3397.16,46554735.00,0.00,0.00,0.00,3911164.65,2894262.00,413466.00,413466.00
112676403,South Western SD,York,5992.48,82120932.00,9870761.29,9870761.29,1410109.00,2329347.92,2143000.00,306143.00,1716252.00
112676503,Southern York County SD,York,4046.30,55450427.00,3851878.71,3851878.71,550268.00,907705.65,626317.00,89474.00,639742.00
112676703,Spring Grove Area SD,York,5677.75,77807900.00,4660595.56,4660595.56,665799.00,5651764.06,5482211.00,783173.00,1448972.00
115219002,West Shore SD,York,10561.67,144737071.00,21087374.70,21087374.70,3012482.00,0.00,0.00,0.00,3012482.00
112678503,West York Area SD,York,4816.46,66004699.00,5593107.00,5593107.00,799015.00,8569399.84,8226624.00,1175232.00,1974247.00
112679002,York City SD,York,15873.52,217530745.00,70814522.15,70814522.15,10116360.00,16476874.28,16476874.00,2353839.00,12470199.00
112679403,York Suburban SD,York,4561.24,62507288.00,3750653.21,3750653.21,535808.00,8035839.00,6267954.00,895422.00,1431230.00
,,,,,,,,,,,
,,,,,5435082040.93,5143596188.56,734799453.00,1107886292.30,955748338.00,136535474.00,871334927.00
,,,,,387.00,,371.00,,,,
,,,,,,,,,,,
,,,,,,,,,,,
1  Weighted student count as recommended by the Basic Education Funding Commission,,,,,,,,,,,
