AUN,school_district,county,total_proposed_bef,base_bef_2324,proposed_formula_dist,adequacy_investment,est_bef,"Dollar Difference
(D - H)","Percent Difference
(I / H)"
112011103,Bermudian Springs SD,Adams,8348503.00,7414686.00,148160.82,785656.00,7414686.00,933817.00,0.13
112011603,Conewago Valley SD,Adams,15379626.00,12133963.00,411579.31,2834084.00,12133963.00,3245663.00,0.27
112013054,Fairfield Area SD,Adams,4386763.00,4098693.00,83442.25,204628.00,4098693.00,288070.00,0.07
112013753,Gettysburg Area SD,Adams,10262862.00,9859712.00,262468.49,140682.00,9859712.00,403150.00,0.04
112015203,Littlestown Area SD,Adams,8472884.00,7594831.00,150794.50,727258.00,7594831.00,878053.00,0.12
112018523,Upper Adams SD,Adams,10200138.00,8438241.00,233205.70,1528691.00,8438241.00,1761897.00,0.21
103020603,Allegheny Valley SD,Allegheny,3402826.00,3194259.00,88256.47,120311.00,3194259.00,208567.00,0.07
103020753,Avonworth SD,Allegheny,3675976.00,3565209.00,110767.25,0.00,3565209.00,110767.00,0.03
103021102,Baldwin-Whitehall SD,Allegheny,17878583.00,13181896.00,392662.92,4304024.00,13181896.00,4696687.00,0.36
103021252,Bethel Park SD,Allegheny,10916272.00,10137725.00,162008.35,616539.00,10137725.00,778547.00,0.08
103021453,Brentwood Borough SD,Allegheny,8066839.00,6798668.00,214079.89,1054091.00,6798668.00,1268171.00,0.19
103021603,Carlynton SD,Allegheny,5970502.00,5225388.00,115375.14,629739.00,5225388.00,745114.00,0.14
103021752,Chartiers Valley SD,Allegheny,6789123.00,6584300.00,204823.47,0.00,6584300.00,204823.00,0.03
103021903,Clairton City SD,Allegheny,10468757.00,9869060.00,234845.58,364851.00,9869060.00,599697.00,0.06
103022103,Cornell SD,Allegheny,2614854.00,2279610.00,66413.83,268830.00,2279610.00,335244.00,0.15
103022253,Deer Lakes SD,Allegheny,7497368.00,7024296.00,126932.50,346139.00,7024296.00,473072.00,0.07
103022503,Duquesne City SD,Allegheny,15038815.00,14537262.00,264459.18,237094.00,14537262.00,501553.00,0.03
103022803,East Allegheny SD,Allegheny,13927124.00,12018362.00,447966.74,1460795.00,12018362.00,1908762.00,0.16
103023153,Elizabeth Forward SD,Allegheny,12618314.00,11373619.00,235447.72,1009247.00,11373619.00,1244695.00,0.11
103023912,Fox Chapel Area SD,Allegheny,5797196.00,5549033.00,248163.07,0.00,5549033.00,248163.00,0.04
103024102,Gateway SD,Allegheny,11826057.00,10374393.00,331448.65,1120215.00,10374393.00,1451664.00,0.14
103024603,Hampton Township SD,Allegheny,6102650.00,5981482.00,121168.27,0.00,5981482.00,121168.00,0.02
103024753,Highlands SD,Allegheny,16502247.00,14594119.00,358684.93,1549443.00,14594119.00,1908128.00,0.13
103025002,Keystone Oaks SD,Allegheny,6354195.00,6120937.00,144255.52,89002.00,6120937.00,233258.00,0.04
103026002,McKeesport Area SD,Allegheny,41216402.00,36313932.00,1085848.04,3816622.00,36313932.00,4902470.00,0.14
103026303,Montour SD,Allegheny,5968539.00,5761664.00,206875.49,0.00,5761664.00,206875.00,0.04
103026343,Moon Area SD,Allegheny,9987562.00,8958758.00,292500.84,736303.00,8958758.00,1028804.00,0.11
103026402,Mt Lebanon SD,Allegheny,9172787.00,8271473.00,245289.87,656024.00,8271473.00,901314.00,0.11
103026852,North Allegheny SD,Allegheny,13238138.00,12831362.00,406776.00,0.00,12831362.00,406776.00,0.03
103026902,North Hills SD,Allegheny,9671659.00,8940764.00,329357.74,401537.00,8940764.00,730895.00,0.08
103026873,Northgate SD,Allegheny,5289658.00,4744271.00,89351.18,456036.00,4744271.00,545387.00,0.12
103027352,Penn Hills SD,Allegheny,25164184.00,20653436.00,523493.49,3987255.00,20653436.00,4510748.00,0.22
103021003,Pine-Richland SD,Allegheny,6533513.00,6364676.00,168836.74,0.00,6364676.00,168837.00,0.03
102027451,Pittsburgh SD,Allegheny,180054801.00,177716944.00,2337857.22,0.00,177716944.00,2337857.00,0.01
103027503,Plum Borough SD,Allegheny,15793904.00,14391624.00,184290.82,1217989.00,14391624.00,1402280.00,0.10
103027753,Quaker Valley SD,Allegheny,2710120.00,2566601.00,143518.76,0.00,2566601.00,143519.00,0.06
103028203,Riverview SD,Allegheny,3847279.00,3644359.00,79836.06,123084.00,3644359.00,202920.00,0.06
103028302,Shaler Area SD,Allegheny,14347878.00,13301553.00,258073.02,788252.00,13301553.00,1046325.00,0.08
103028653,South Allegheny SD,Allegheny,13187837.00,11858158.00,190846.59,1138832.00,11858158.00,1329679.00,0.11
103028703,South Fayette Township SD,Allegheny,6905119.00,5044518.00,240087.29,1620514.00,5044518.00,1860601.00,0.37
103028753,South Park SD,Allegheny,8266812.00,7245263.00,114229.86,907319.00,7245263.00,1021549.00,0.14
103028833,Steel Valley SD,Allegheny,13269305.00,12135515.00,286759.86,847030.00,12135515.00,1133790.00,0.09
103028853,Sto-Rox SD,Allegheny,19507202.00,15836901.00,608631.16,3061670.00,15836901.00,3670301.00,0.23
103029203,Upper Saint Clair SD,Allegheny,6781758.00,5665586.00,159293.55,956878.00,5665586.00,1116172.00,0.20
103029403,West Allegheny SD,Allegheny,8293046.00,7849961.00,251481.29,191604.00,7849961.00,443085.00,0.06
103029553,West Jefferson Hills SD,Allegheny,9208478.00,7604904.00,226686.58,1376887.00,7604904.00,1603574.00,0.21
103029603,West Mifflin Area SD,Allegheny,13967654.00,11412459.00,373097.05,2182098.00,11412459.00,2555195.00,0.22
103029803,Wilkinsburg Borough SD,Allegheny,13897652.00,13120892.00,231933.03,544827.00,13120892.00,776760.00,0.06
103029902,Woodland Hills SD,Allegheny,27678133.00,22139576.00,630505.33,4908052.00,22139576.00,5538557.00,0.25
128030603,Apollo-Ridge SD,Armstrong,9981967.00,9533995.00,160131.51,287840.00,9533995.00,447972.00,0.05
128030852,Armstrong SD,Armstrong,36036437.00,34412105.00,586985.14,1037347.00,34412105.00,1624332.00,0.05
128033053,Freeport Area SD,Armstrong,8513321.00,7910688.00,151116.19,451517.00,7910688.00,602633.00,0.08
128034503,Leechburg Area SD,Armstrong,5020228.00,4691786.00,67874.25,260568.00,4691786.00,328442.00,0.07
127040503,Aliquippa SD,Beaver,16183930.00,14129728.00,430818.90,1623383.00,14129728.00,2054202.00,0.15
127040703,Ambridge Area SD,Beaver,14670778.00,12671783.00,245641.28,1753354.00,12671783.00,1998995.00,0.16
127041203,Beaver Area SD,Beaver,7632393.00,6797246.00,159097.60,676049.00,6797246.00,835147.00,0.12
127041503,Big Beaver Falls Area SD,Beaver,17855964.00,15473942.00,424795.29,1957227.00,15473942.00,2382022.00,0.15
127041603,Blackhawk SD,Beaver,10846381.00,10214153.00,131928.97,500299.00,10214153.00,632228.00,0.06
127042003,Central Valley SD,Beaver,10463868.00,9801918.00,145488.76,516461.00,9801918.00,661950.00,0.07
127042853,Freedom Area SD,Beaver,10338575.00,9061010.00,119718.61,1157846.00,9061010.00,1277565.00,0.14
127044103,Hopewell Area SD,Beaver,10926634.00,10748055.00,128055.35,50524.00,10748055.00,178579.00,0.02
127045303,Midland Borough SD,Beaver,3996575.00,3765584.00,45407.64,185583.00,3765584.00,230991.00,0.06
127045653,New Brighton Area SD,Beaver,14403615.00,12828151.00,203068.68,1372395.00,12828151.00,1575464.00,0.12
127045853,Riverside Beaver County SD,Beaver,8822228.00,8353562.00,74351.83,394314.00,8353562.00,468666.00,0.06
127046903,Rochester Area SD,Beaver,8252657.00,7938855.00,166914.15,146888.00,7938855.00,313802.00,0.04
127047404,South Side Area SD,Beaver,10793037.00,10730269.00,62768.21,0.00,10730269.00,62768.00,0.01
127049303,Western Beaver County SD,Beaver,6111736.00,6048528.00,63207.58,0.00,6048528.00,63208.00,0.01
108051003,Bedford Area SD,Bedford,9307445.00,8785469.00,163203.52,358772.00,8785469.00,521976.00,0.06
108051503,Chestnut Ridge SD,Bedford,9567032.00,9187892.00,110787.34,268353.00,9187892.00,379140.00,0.04
108053003,Everett Area SD,Bedford,8458366.00,7536361.00,181032.58,740972.00,7536361.00,922005.00,0.12
108056004,Northern Bedford County SD,Bedford,6725351.00,6372544.00,75705.62,277101.00,6372544.00,352807.00,0.06
108058003,Tussey Mountain SD,Bedford,9168190.00,8567910.00,122870.23,477410.00,8567910.00,600280.00,0.07
114060503,Antietam SD,Berks,7872352.00,5866439.00,221584.01,1784329.00,5866439.00,2005913.00,0.34
114060753,Boyertown Area SD,Berks,21346633.00,18765266.00,457615.43,2123752.00,18765266.00,2581367.00,0.14
114060853,Brandywine Heights Area SD,Berks,5201117.00,4837594.00,87021.28,276502.00,4837594.00,363523.00,0.08
114061103,Conrad Weiser Area SD,Berks,8794775.00,7962767.00,201786.31,630222.00,7962767.00,832008.00,0.10
114061503,Daniel Boone Area SD,Berks,11434040.00,9976544.00,189179.69,1268316.00,9976544.00,1457496.00,0.15
114062003,Exeter Township SD,Berks,14101107.00,11251467.00,318706.29,2530934.00,11251467.00,2849640.00,0.25
114062503,Fleetwood Area SD,Berks,7795202.00,7105682.00,139102.90,550417.00,7105682.00,689520.00,0.10
114063003,Governor Mifflin SD,Berks,11973158.00,8806983.00,320118.25,2846057.00,8806983.00,3166175.00,0.36
114063503,Hamburg Area SD,Berks,8886080.00,8388360.00,196393.35,301327.00,8388360.00,497720.00,0.06
114064003,Kutztown Area SD,Berks,4652925.00,4433052.00,135299.18,84574.00,4433052.00,219873.00,0.05
114065503,Muhlenberg SD,Berks,15552971.00,10032445.00,564839.09,4955687.00,10032445.00,5520526.00,0.55
114066503,Oley Valley SD,Berks,4535802.00,4397486.00,74056.40,64260.00,4397486.00,138316.00,0.03
114067002,Reading SD,Berks,247266951.00,201949815.00,6541182.85,38775953.00,201949815.00,45317136.00,0.22
114067503,Schuylkill Valley SD,Berks,4563646.00,4057888.00,161666.35,344092.00,4057888.00,505758.00,0.12
114068003,Tulpehocken Area SD,Berks,5256831.00,5127644.00,129187.08,0.00,5127644.00,129187.00,0.03
114068103,Twin Valley SD,Berks,8349557.00,7647186.00,268321.13,434050.00,7647186.00,702371.00,0.09
114069103,Wilson  SD,Berks,16043230.00,12595243.00,567977.01,2880010.00,12595243.00,3447987.00,0.27
114069353,Wyomissing Area SD,Berks,3272458.00,2922579.00,167814.87,182064.00,2922579.00,349879.00,0.12
108070502,Altoona Area SD,Blair,54845332.00,48211372.00,835286.29,5798674.00,48211372.00,6633960.00,0.14
108071003,Bellwood-Antis SD,Blair,7977128.00,7611412.00,92474.21,273242.00,7611412.00,365716.00,0.05
108071504,Claysburg-Kimmel SD,Blair,7005697.00,6372789.00,99507.57,533400.00,6372789.00,632908.00,0.10
108073503,Hollidaysburg Area SD,Blair,14286008.00,13513770.00,210030.64,562207.00,13513770.00,772238.00,0.06
108077503,Spring Cove SD,Blair,9620289.00,8719870.00,126953.79,773465.00,8719870.00,900419.00,0.10
108078003,Tyrone Area SD,Blair,10765129.00,10266653.00,126677.93,371798.00,10266653.00,498476.00,0.05
108079004,Williamsburg Community SD,Blair,4468574.00,4059233.00,68695.58,340645.00,4059233.00,409341.00,0.10
117080503,Athens Area SD,Bradford,14265354.00,13651386.00,274400.50,339567.00,13651386.00,613968.00,0.05
117081003,Canton Area SD,Bradford,8685737.00,8332883.00,137355.26,215499.00,8332883.00,352854.00,0.04
117083004,Northeast Bradford SD,Bradford,6642756.00,6466118.00,72573.72,104064.00,6466118.00,176638.00,0.03
117086003,Sayre Area SD,Bradford,7650193.00,7199123.00,157548.62,293521.00,7199123.00,451070.00,0.06
117086503,Towanda Area SD,Bradford,10785661.00,9353693.00,285315.47,1146653.00,9353693.00,1431968.00,0.15
117086653,Troy Area SD,Bradford,11553149.00,10700697.00,179471.55,672980.00,10700697.00,852452.00,0.08
117089003,Wyalusing Area SD,Bradford,9260859.00,8518519.00,170323.49,572017.00,8518519.00,742340.00,0.09
122091002,Bensalem Township SD,Bucks,24379471.00,20249846.00,898410.79,3231214.00,20249846.00,4129625.00,0.20
122091303,Bristol Borough SD,Bucks,8454939.00,7822612.00,154552.01,477775.00,7822612.00,632327.00,0.08
122091352,Bristol Township SD,Bucks,33778312.00,26549632.00,732877.90,6495802.00,26549632.00,7228680.00,0.27
122092002,Centennial SD,Bucks,15488726.00,15145901.00,342824.89,0.00,15145901.00,342825.00,0.02
122092102,Central Bucks SD,Bucks,23503561.00,22833667.00,669894.25,0.00,22833667.00,669894.00,0.03
122092353,Council Rock SD,Bucks,17388102.00,17060361.00,327741.18,0.00,17060361.00,327741.00,0.02
122097203,Morrisville Borough SD,Bucks,3702984.00,3466211.00,45938.14,190835.00,3466211.00,236773.00,0.07
122097502,Neshaminy SD,Bucks,19326162.00,18172021.00,572214.23,581927.00,18172021.00,1154141.00,0.06
122097604,New Hope-Solebury SD,Bucks,1436198.00,1407545.00,28653.43,0.00,1407545.00,28653.00,0.02
122098003,Palisades SD,Bucks,3345646.00,3298077.00,47569.22,0.00,3298077.00,47569.00,0.01
122098103,Pennridge SD,Bucks,13962329.00,13220870.00,352078.98,389380.00,13220870.00,741459.00,0.06
122098202,Pennsbury SD,Bucks,20319738.00,19831499.00,488239.00,0.00,19831499.00,488239.00,0.02
122098403,Quakertown Community SD,Bucks,14066017.00,13078421.00,402932.48,584664.00,13078421.00,987596.00,0.08
104101252,Butler Area SD,Butler,31656194.00,28942934.00,460528.88,2252731.00,28942934.00,2713260.00,0.09
104103603,Karns City Area SD,Butler,10925296.00,10578984.00,117533.78,228778.00,10578984.00,346312.00,0.03
104107803,Knoch SD,Butler,8816971.00,8685835.00,131135.71,0.00,8685835.00,131136.00,0.02
104105003,Mars Area SD,Butler,7235321.00,7092075.00,143246.21,0.00,7092075.00,143246.00,0.02
104105353,Moniteau SD,Butler,8821445.00,8502699.00,102295.82,216450.00,8502699.00,318746.00,0.04
104107903,Seneca Valley SD,Butler,17116482.00,16771398.00,345084.36,0.00,16771398.00,345084.00,0.02
104107503,Slippery Rock Area SD,Butler,10297816.00,9788269.00,164120.64,345426.00,9788269.00,509547.00,0.05
108110603,Blacklick Valley SD,Cambria,7163263.00,6687118.00,127521.77,348623.00,6687118.00,476145.00,0.07
108111203,Cambria Heights SD,Cambria,10970996.00,10526639.00,123849.43,320508.00,10526639.00,444357.00,0.04
108111303,Central Cambria SD,Cambria,8462424.00,8187597.00,110321.70,164505.00,8187597.00,274827.00,0.03
108111403,Conemaugh Valley SD,Cambria,6626777.00,6433986.00,69840.25,122951.00,6433986.00,192791.00,0.03
108112003,Ferndale Area SD,Cambria,7372869.00,6836303.00,131721.06,404845.00,6836303.00,536566.00,0.08
108112203,Forest Hills SD,Cambria,14095258.00,13519552.00,132951.82,442754.00,13519552.00,575706.00,0.04
108112502,Greater Johnstown SD,Cambria,33083472.00,28004260.00,854341.06,4224871.00,28004260.00,5079212.00,0.18
108114503,Northern Cambria SD,Cambria,10462516.00,9940281.00,143781.98,378453.00,9940281.00,522235.00,0.05
108116003,Penn Cambria SD,Cambria,11122769.00,10401957.00,101327.82,619484.00,10401957.00,720812.00,0.07
108116303,Portage Area SD,Cambria,7839647.00,7427563.00,93163.55,318920.00,7427563.00,412084.00,0.06
108116503,Richland SD,Cambria,4487721.00,4128101.00,114554.33,245066.00,4128101.00,359620.00,0.09
108118503,Westmont Hilltop SD,Cambria,6130302.00,4922697.00,106453.72,1101151.00,4922697.00,1207605.00,0.25
109122703,Cameron County SD,Cameron,6963752.00,6728153.00,124083.91,111515.00,6728153.00,235599.00,0.04
121135003,Jim Thorpe Area SD,Carbon,6354492.00,5644434.00,297599.05,412459.00,5644434.00,710058.00,0.13
121135503,Lehighton Area SD,Carbon,13296440.00,11202260.00,265189.31,1828991.00,11202260.00,2094180.00,0.19
121136503,Palmerton Area SD,Carbon,9488151.00,8254754.00,201638.07,1031759.00,8254754.00,1233397.00,0.15
121136603,Panther Valley SD,Carbon,17501941.00,13941555.00,458254.96,3102131.00,13941555.00,3560386.00,0.26
121139004,Weatherly Area SD,Carbon,5110161.00,4390763.00,140873.11,578525.00,4390763.00,719398.00,0.16
110141003,Bald Eagle Area SD,Centre,10139138.00,9668209.00,173639.30,297290.00,9668209.00,470929.00,0.05
110141103,Bellefonte Area SD,Centre,10575554.00,10254682.00,215663.19,105209.00,10254682.00,320872.00,0.03
110147003,Penns Valley Area SD,Centre,7435637.00,6767949.00,185334.89,482353.00,6767949.00,667688.00,0.10
110148002,State College Area SD,Centre,13100777.00,12491571.00,609206.43,0.00,12491571.00,609206.00,0.05
124150503,Avon Grove SD,Chester,20907074.00,17399000.00,289139.88,3218934.00,17399000.00,3508074.00,0.20
124151902,Coatesville Area SD,Chester,45934932.00,34343127.00,866703.42,10725102.00,34343127.00,11591805.00,0.34
124152003,Downingtown Area SD,Chester,19950885.00,18765119.00,531736.92,654029.00,18765119.00,1185766.00,0.06
124153503,Great Valley SD,Chester,4220148.00,4039264.00,180884.41,0.00,4039264.00,180884.00,0.04
124154003,Kennett Consolidated SD,Chester,9294024.00,8002279.00,298732.96,993012.00,8002279.00,1291745.00,0.16
124156503,Octorara Area SD,Chester,8610651.00,7583914.00,183750.69,842986.00,7583914.00,1026737.00,0.14
124156603,Owen J Roberts SD,Chester,8894803.00,8411584.00,316737.72,166481.00,8411584.00,483219.00,0.06
124156703,Oxford Area SD,Chester,19726127.00,16392085.00,351437.49,2982605.00,16392085.00,3334042.00,0.20
124157203,Phoenixville Area SD,Chester,7031184.00,6760957.00,257730.49,12497.00,6760957.00,270227.00,0.04
124157802,Tredyffrin-Easttown SD,Chester,5553885.00,5337824.00,216060.87,0.00,5337824.00,216061.00,0.04
124158503,Unionville-Chadds Ford SD,Chester,4525196.00,4390498.00,134698.25,0.00,4390498.00,134698.00,0.03
124159002,West Chester Area SD,Chester,13185469.00,12634985.00,550484.46,0.00,12634985.00,550484.00,0.04
106160303,Allegheny-Clarion Valley SD,Clarion,6321033.00,6267531.00,53501.71,0.00,6267531.00,53502.00,0.01
106161203,Clarion Area SD,Clarion,4470696.00,3953564.00,99675.75,417456.00,3953564.00,517132.00,0.13
106161703,Clarion-Limestone Area SD,Clarion,6110975.00,5849477.00,91712.85,169785.00,5849477.00,261498.00,0.04
106166503,Keystone  SD,Clarion,8593940.00,8198832.00,135722.83,259385.00,8198832.00,395108.00,0.05
106167504,North Clarion County SD,Clarion,4039199.00,3801914.00,49776.17,187509.00,3801914.00,237285.00,0.06
106168003,Redbank Valley SD,Clarion,10350175.00,9839303.00,139203.66,371668.00,9839303.00,510872.00,0.05
106169003,Union  SD,Clarion,7038557.00,6514434.00,118328.78,405794.00,6514434.00,524123.00,0.08
110171003,Clearfield Area SD,Clearfield,16102641.00,15219876.00,310536.68,572228.00,15219876.00,882765.00,0.06
110171803,Curwensville Area SD,Clearfield,9320740.00,8709268.00,152917.63,458554.00,8709268.00,611472.00,0.07
106172003,Dubois Area SD,Clearfield,21676426.00,19392493.00,344224.80,1939708.00,19392493.00,2283933.00,0.12
110173003,Glendale SD,Clearfield,7254633.00,6582369.00,109787.67,562476.00,6582369.00,672264.00,0.10
110173504,Harmony Area SD,Clearfield,3075790.00,3037050.00,38740.36,0.00,3037050.00,38740.00,0.01
110175003,Moshannon Valley SD,Clearfield,8370853.00,7904916.00,98105.47,367832.00,7904916.00,465937.00,0.06
110177003,Philipsburg-Osceola Area SD,Clearfield,14408468.00,13832581.00,243202.49,332685.00,13832581.00,575887.00,0.04
110179003,West Branch Area SD,Clearfield,9339657.00,8572118.00,113986.66,653552.00,8572118.00,767539.00,0.09
110183602,Keystone Central SD,Clinton,25458419.00,23956638.00,449667.72,1052113.00,23956638.00,1501781.00,0.06
116191004,Benton Area SD,Columbia,4012871.00,3931528.00,81342.83,0.00,3931528.00,81343.00,0.02
116191103,Berwick Area SD,Columbia,18971710.00,17568430.00,298515.72,1104764.00,17568430.00,1403280.00,0.08
116191203,Bloomsburg Area SD,Columbia,8583448.00,7730339.00,218706.75,634402.00,7730339.00,853109.00,0.11
116191503,Central Columbia SD,Columbia,8295675.00,7738963.00,170399.49,386313.00,7738963.00,556712.00,0.07
116195004,Millville Area SD,Columbia,4738362.00,4649728.00,70527.34,18107.00,4649728.00,88634.00,0.02
116197503,Southern Columbia Area SD,Columbia,5769985.00,5403898.00,101692.70,264394.00,5403898.00,366087.00,0.07
105201033,Conneaut SD,Crawford,12841691.00,12645961.00,195729.59,0.00,12645961.00,195730.00,0.02
105201352,Crawford Central SD,Crawford,21488581.00,19755082.00,432307.68,1301191.00,19755082.00,1733499.00,0.09
105204703,Penncrest SD,Crawford,20588308.00,20388982.00,199325.62,0.00,20388982.00,199326.00,0.01
115210503,Big Spring SD,Cumberland,12879312.00,12157756.00,307234.41,414322.00,12157756.00,721556.00,0.06
115211003,Camp Hill SD,Cumberland,2322784.00,2101783.00,82732.89,138268.00,2101783.00,221001.00,0.11
115211103,Carlisle Area SD,Cumberland,21422252.00,17590620.00,601975.84,3229656.00,17590620.00,3831632.00,0.22
115211603,Cumberland Valley SD,Cumberland,16984223.00,16345013.00,639209.58,0.00,16345013.00,639210.00,0.04
115212503,East Pennsboro Area SD,Cumberland,9587505.00,8334466.00,219024.52,1034014.00,8334466.00,1253039.00,0.15
115216503,Mechanicsburg Area SD,Cumberland,11427533.00,9635246.00,389593.02,1402694.00,9635246.00,1792287.00,0.19
115218003,Shippensburg Area SD,Cumberland,15582892.00,13355410.00,353979.22,1873503.00,13355410.00,2227482.00,0.17
115218303,South Middleton SD,Cumberland,5972269.00,5591079.00,151258.18,229932.00,5591079.00,381190.00,0.07
115221402,Central Dauphin SD,Dauphin,36605362.00,27161734.00,1138881.93,8304746.00,27161734.00,9443628.00,0.35
115221753,Derry Township SD,Dauphin,5673664.00,5316058.00,299858.52,57747.00,5316058.00,357606.00,0.07
115222504,Halifax Area SD,Dauphin,6325114.00,6239419.00,85694.95,0.00,6239419.00,85695.00,0.01
115222752,Harrisburg City SD,Dauphin,98129277.00,81299301.00,2933843.01,13896133.00,81299301.00,16829976.00,0.21
115224003,Lower Dauphin SD,Dauphin,13270071.00,11679666.00,248951.75,1341453.00,11679666.00,1590405.00,0.14
115226003,Middletown Area SD,Dauphin,11655656.00,10086207.00,285020.50,1284428.00,10086207.00,1569449.00,0.16
115226103,Millersburg Area SD,Dauphin,5312830.00,4981779.00,122263.13,208788.00,4981779.00,331051.00,0.07
115228003,Steelton-Highspire SD,Dauphin,14820295.00,12663522.00,367796.88,1788976.00,12663522.00,2156773.00,0.17
115228303,Susquehanna Township SD,Dauphin,8166200.00,6010619.00,270478.80,1885102.00,6010619.00,2155581.00,0.36
115229003,Upper Dauphin Area SD,Dauphin,6856171.00,6643928.00,113185.27,99058.00,6643928.00,212243.00,0.03
125231232,Chester-Upland SD,Delaware,115464392.00,104430495.00,2511501.26,8522396.00,104430495.00,11033897.00,0.11
125231303,Chichester SD,Delaware,16249617.00,13067639.00,330818.98,2851159.00,13067639.00,3181978.00,0.24
125234103,Garnet Valley SD,Delaware,5959205.00,5686823.00,190354.24,82028.00,5686823.00,272382.00,0.05
125234502,Haverford Township SD,Delaware,6138108.00,5848605.00,289503.18,0.00,5848605.00,289503.00,0.05
125235103,Interboro SD,Delaware,15649945.00,12634528.00,462439.66,2552977.00,12634528.00,3015417.00,0.24
125235502,Marple Newtown SD,Delaware,3653719.00,3539631.00,114088.02,0.00,3539631.00,114088.00,0.03
125236903,Penn-Delco SD,Delaware,9012276.00,7858366.00,194663.55,959246.00,7858366.00,1153910.00,0.15
125237603,Radnor Township SD,Delaware,3142213.00,3025295.00,116918.10,0.00,3025295.00,116918.00,0.04
125237702,Ridley SD,Delaware,19316586.00,15620466.00,428418.11,3267702.00,15620466.00,3696120.00,0.24
125237903,Rose Tree Media SD,Delaware,4432187.00,4277981.00,154205.57,0.00,4277981.00,154206.00,0.04
125238402,Southeast Delco SD,Delaware,35837418.00,28061897.00,1059885.56,6715635.00,28061897.00,7775521.00,0.28
125238502,Springfield SD,Delaware,5524001.00,4754782.00,212226.15,556993.00,4754782.00,769219.00,0.16
125239452,Upper Darby SD,Delaware,77481358.00,60710311.00,2073207.06,14697840.00,60710311.00,16771047.00,0.28
125239603,Wallingford-Swarthmore SD,Delaware,6049956.00,4609174.00,148161.04,1292621.00,4609174.00,1440782.00,0.31
125239652,William Penn SD,Delaware,42088971.00,33621058.00,1059004.48,7408909.00,33621058.00,8467913.00,0.25
109243503,Johnsonburg Area SD,Elk,6057535.00,5791462.00,80057.97,186015.00,5791462.00,266073.00,0.05
109246003,Ridgway Area SD,Elk,6067496.00,5753067.00,89704.62,224724.00,5753067.00,314429.00,0.05
109248003,Saint Marys Area SD,Elk,8439844.00,7521988.00,124875.21,792981.00,7521988.00,917856.00,0.12
105251453,Corry Area SD,Erie,18315155.00,16490290.00,317978.87,1506886.00,16490290.00,1824865.00,0.11
105252602,Erie City SD,Erie,134287608.00,115541790.00,3423652.96,15322165.00,115541790.00,18745818.00,0.16
105253303,Fairview SD,Erie,5050647.00,4280505.00,126031.25,644111.00,4280505.00,770142.00,0.18
105253553,Fort LeBoeuf SD,Erie,9397886.00,8515286.00,189394.45,693206.00,8515286.00,882600.00,0.10
105253903,General McLane SD,Erie,12169164.00,11745539.00,155414.81,268210.00,11745539.00,423625.00,0.04
105254053,Girard SD,Erie,10782727.00,10252070.00,154717.64,375939.00,10252070.00,530657.00,0.05
105254353,Harbor Creek SD,Erie,11036160.00,10361448.00,178688.30,496024.00,10361448.00,674712.00,0.07
105256553,Iroquois SD,Erie,11968335.00,10649003.00,250009.88,1069322.00,10649003.00,1319332.00,0.12
105257602,Millcreek Township SD,Erie,19986916.00,17574858.00,437308.97,1974749.00,17574858.00,2412058.00,0.14
105258303,North East SD,Erie,10808287.00,9952691.00,164372.95,691223.00,9952691.00,855596.00,0.09
105258503,Northwestern  SD,Erie,10549135.00,10178931.00,106290.81,263913.00,10178931.00,370204.00,0.04
105259103,Union City Area SD,Erie,10909233.00,10537366.00,142005.75,229861.00,10537366.00,371867.00,0.04
105259703,Wattsburg Area SD,Erie,8423267.00,7916713.00,144103.29,362451.00,7916713.00,506554.00,0.06
101260303,Albert Gallatin Area SD,Fayette,28358019.00,26395082.00,298755.31,1664182.00,26395082.00,1962937.00,0.07
101260803,Brownsville Area SD,Fayette,17982833.00,15903542.00,291834.51,1787456.00,15903542.00,2079291.00,0.13
101261302,Connellsville Area SD,Fayette,36832480.00,34473185.00,418426.29,1940869.00,34473185.00,2359295.00,0.07
101262903,Frazier SD,Fayette,8177974.00,7609389.00,98689.25,469896.00,7609389.00,568585.00,0.07
101264003,Laurel Highlands SD,Fayette,19595885.00,17805562.00,319042.80,1471280.00,17805562.00,1790323.00,0.10
101268003,Uniontown Area SD,Fayette,21746349.00,19728395.00,404204.47,1613750.00,19728395.00,2017954.00,0.10
106272003,Forest Area SD,Forest,3769797.00,3671477.00,98320.38,0.00,3671477.00,98320.00,0.03
112281302,Chambersburg Area SD,Franklin,37804414.00,29363382.00,1000228.41,7440804.00,29363382.00,8441032.00,0.29
112282004,Fannett-Metal SD,Franklin,2897319.00,2778906.00,41559.30,76854.00,2778906.00,118413.00,0.04
112283003,Greencastle-Antrim SD,Franklin,10268724.00,8217664.00,241405.11,1809655.00,8217664.00,2051060.00,0.25
112286003,Tuscarora SD,Franklin,10498808.00,9740540.00,194148.85,564119.00,9740540.00,758268.00,0.08
112289003,Waynesboro Area SD,Franklin,20741086.00,16889620.00,443186.15,3408280.00,16889620.00,3851466.00,0.23
111291304,Central Fulton SD,Fulton,6850726.00,6434350.00,114161.69,302214.00,6434350.00,416376.00,0.06
111292304,Forbes Road SD,Fulton,3311401.00,3261668.00,49733.43,0.00,3261668.00,49733.00,0.02
111297504,Southern Fulton SD,Fulton,5034473.00,4970015.00,64180.92,277.00,4970015.00,64458.00,0.01
101301303,Carmichaels Area SD,Greene,8637178.00,7938648.00,141169.14,557361.00,7938648.00,698530.00,0.09
101301403,Central Greene SD,Greene,10765164.00,10152343.00,185018.69,427802.00,10152343.00,612821.00,0.06
101303503,Jefferson-Morgan SD,Greene,6272879.00,6078211.00,72095.74,122572.00,6078211.00,194668.00,0.03
101306503,Southeastern Greene SD,Greene,5937527.00,5734682.00,70602.67,132242.00,5734682.00,202845.00,0.04
101308503,West Greene SD,Greene,4300139.00,4194904.00,105234.71,0.00,4194904.00,105235.00,0.03
111312503,Huntingdon Area SD,Huntingdon,10562373.00,9710997.00,162051.92,689324.00,9710997.00,851376.00,0.09
111312804,Juniata Valley SD,Huntingdon,6340132.00,5778297.00,83780.04,478055.00,5778297.00,561835.00,0.10
111316003,Mount Union Area SD,Huntingdon,11736440.00,10923362.00,195028.50,618049.00,10923362.00,813078.00,0.07
111317503,Southern Huntingdon County SD,Huntingdon,8494453.00,7903584.00,95031.89,495837.00,7903584.00,590869.00,0.07
128323303,Homer-Center SD,Indiana,7278441.00,6927296.00,165831.33,185314.00,6927296.00,351145.00,0.05
128323703,Indiana Area SD,Indiana,12490860.00,12059535.00,331785.16,99540.00,12059535.00,431325.00,0.04
128325203,Marion Center Area SD,Indiana,11335519.00,10953899.00,175359.62,206260.00,10953899.00,381620.00,0.03
128326303,Penns Manor Area SD,Indiana,8304930.00,8105367.00,99562.80,100000.00,8105367.00,199563.00,0.02
128327303,Purchase Line SD,Indiana,9657811.00,9558111.00,99700.21,0.00,9558111.00,99700.00,0.01
128321103,River Valley SD,Indiana,10959989.00,10651121.00,149829.22,159039.00,10651121.00,308868.00,0.03
128328003,United SD,Indiana,9870385.00,9644797.00,101326.69,124261.00,9644797.00,225588.00,0.02
106330703,Brockway Area SD,Jefferson,8363457.00,7907430.00,108933.30,347094.00,7907430.00,456027.00,0.06
106330803,Brookville Area SD,Jefferson,11264033.00,10277147.00,159099.63,827786.00,10277147.00,986886.00,0.10
106338003,Punxsutawney Area SD,Jefferson,18428822.00,17703874.00,227532.75,497415.00,17703874.00,724948.00,0.04
111343603,Juniata County SD,Juniata,12764340.00,12214684.00,231392.67,318263.00,12214684.00,549656.00,0.05
119350303,Abington Heights SD,Lackawanna,8540352.00,7930008.00,189806.05,420538.00,7930008.00,610344.00,0.08
119351303,Carbondale Area SD,Lackawanna,14986891.00,12434869.00,346557.42,2205465.00,12434869.00,2552022.00,0.21
119352203,Dunmore SD,Lackawanna,5712721.00,5156189.00,102659.49,453873.00,5156189.00,556532.00,0.11
119354603,Lakeland SD,Lackawanna,6614143.00,6079390.00,84504.60,450248.00,6079390.00,534753.00,0.09
119355503,Mid Valley SD,Lackawanna,8348921.00,7015613.00,255663.95,1077644.00,7015613.00,1333308.00,0.19
119356503,North Pocono SD,Lackawanna,10818530.00,10553761.00,257989.57,6779.00,10553761.00,264769.00,0.03
119356603,Old Forge SD,Lackawanna,4434148.00,3638849.00,70751.36,724548.00,3638849.00,795299.00,0.22
119357003,Riverside  SD,Lackawanna,8403766.00,6745303.00,220865.16,1437598.00,6745303.00,1658463.00,0.25
119357402,Scranton SD,Lackawanna,87390370.00,69823269.00,2526892.13,15040209.00,69823269.00,17567101.00,0.25
119358403,Valley View SD,Lackawanna,10988190.00,10033361.00,251301.29,703528.00,10033361.00,954829.00,0.10
113361303,Cocalico SD,Lancaster,9529695.00,9193328.00,224362.09,112005.00,9193328.00,336367.00,0.04
113361503,Columbia Borough SD,Lancaster,12174150.00,10629056.00,333436.41,1211658.00,10629056.00,1545094.00,0.15
113361703,Conestoga Valley SD,Lancaster,9657138.00,7401312.00,431193.26,1824633.00,7401312.00,2255826.00,0.30
113362203,Donegal SD,Lancaster,11104605.00,9235055.00,254217.76,1615332.00,9235055.00,1869550.00,0.20
113362303,Eastern Lancaster County SD,Lancaster,6112459.00,5916834.00,195624.84,0.00,5916834.00,195625.00,0.03
113362403,Elizabethtown Area SD,Lancaster,12287519.00,11227260.00,294276.77,765982.00,11227260.00,1060259.00,0.09
113362603,Ephrata Area SD,Lancaster,16812372.00,14240687.00,409790.74,2161894.00,14240687.00,2571685.00,0.18
113363103,Hempfield  SD,Lancaster,18382138.00,16555820.00,477665.44,1348653.00,16555820.00,1826318.00,0.11
113363603,Lampeter-Strasburg SD,Lancaster,5818686.00,5482270.00,173543.43,162873.00,5482270.00,336416.00,0.06
113364002,Lancaster SD,Lancaster,87525409.00,77641681.00,1779957.06,8103771.00,77641681.00,9883728.00,0.13
113364403,Manheim Central SD,Lancaster,9838996.00,9019814.00,237771.91,581410.00,9019814.00,819182.00,0.09
113364503,Manheim Township SD,Lancaster,12003850.00,8834968.00,441385.01,2727497.00,8834968.00,3168882.00,0.36
113365203,Penn Manor SD,Lancaster,18915473.00,14759673.00,392596.09,3763204.00,14759673.00,4155800.00,0.28
113365303,Pequea Valley SD,Lancaster,3498192.00,3411163.00,87029.48,0.00,3411163.00,87029.00,0.03
113367003,Solanco SD,Lancaster,13003530.00,12313924.00,262991.61,426614.00,12313924.00,689606.00,0.06
113369003,Warwick SD,Lancaster,13324738.00,12216533.00,298300.21,809905.00,12216533.00,1108205.00,0.09
104372003,Ellwood City Area SD,Lawrence,13338594.00,12677137.00,152390.14,509067.00,12677137.00,661457.00,0.05
104374003,Laurel  SD,Lawrence,7923479.00,7870636.00,52843.44,0.00,7870636.00,52843.00,0.01
104375003,Mohawk Area SD,Lawrence,11507982.00,11015231.00,133576.75,359174.00,11015231.00,492751.00,0.04
104375203,Neshannock Township SD,Lawrence,4106783.00,3695452.00,66221.80,345109.00,3695452.00,411331.00,0.11
104375302,New Castle Area SD,Lawrence,35436793.00,33003414.00,846307.95,1587071.00,33003414.00,2433379.00,0.07
104376203,Shenango Area SD,Lawrence,7999694.00,7925270.00,74423.84,0.00,7925270.00,74424.00,0.01
104377003,Union Area SD,Lawrence,5688145.00,5330506.00,76666.61,280972.00,5330506.00,357639.00,0.07
104378003,Wilmington Area SD,Lawrence,6469168.00,6390470.00,78697.86,0.00,6390470.00,78698.00,0.01
113380303,Annville-Cleona SD,Lebanon,6147668.00,5716195.00,141044.98,290428.00,5716195.00,431473.00,0.08
113381303,Cornwall-Lebanon SD,Lebanon,16647997.00,13866450.00,448890.11,2332657.00,13866450.00,2781547.00,0.20
113382303,Eastern Lebanon County SD,Lebanon,6591823.00,6168799.00,159651.88,263372.00,6168799.00,423024.00,0.07
113384603,Lebanon SD,Lebanon,57789129.00,46622968.00,1592252.91,9573908.00,46622968.00,11166161.00,0.24
113385003,Northern Lebanon SD,Lebanon,10489116.00,9403496.00,203799.12,881821.00,9403496.00,1085620.00,0.12
113385303,Palmyra Area SD,Lebanon,11351874.00,9214731.00,328250.08,1808893.00,9214731.00,2137143.00,0.23
121390302,Allentown City SD,Lehigh,223346956.00,186924703.00,6918403.65,29503849.00,186924703.00,36422253.00,0.19
121391303,Catasauqua Area SD,Lehigh,6875533.00,6013319.00,221466.92,640747.00,6013319.00,862214.00,0.14
121392303,East Penn SD,Lehigh,18836362.00,16858904.00,616591.28,1360867.00,16858904.00,1977458.00,0.12
121394503,Northern Lehigh SD,Lehigh,8874637.00,8109600.00,150199.29,614838.00,8109600.00,765037.00,0.09
121394603,Northwestern Lehigh SD,Lehigh,6667331.00,6556083.00,111248.01,0.00,6556083.00,111248.00,0.02
121395103,Parkland SD,Lehigh,15031406.00,13922204.00,738162.12,371040.00,13922204.00,1109202.00,0.08
121395603,Salisbury Township SD,Lehigh,4074542.00,3622857.00,136347.32,315338.00,3622857.00,451685.00,0.12
121395703,Southern Lehigh SD,Lehigh,6070669.00,5907882.00,162786.79,0.00,5907882.00,162787.00,0.03
121397803,Whitehall-Coplay SD,Lehigh,16382785.00,12633650.00,579117.95,3170017.00,12633650.00,3749135.00,0.30
118401403,Crestwood SD,Luzerne,9479201.00,8521976.00,153038.32,804187.00,8521976.00,957225.00,0.11
118401603,Dallas SD,Luzerne,7560224.00,7042845.00,152238.74,365140.00,7042845.00,517379.00,0.07
118402603,Greater Nanticoke Area SD,Luzerne,19364025.00,15291654.00,402417.40,3669954.00,15291654.00,4072371.00,0.27
118403003,Hanover Area SD,Luzerne,15048974.00,11840083.00,378131.23,2830760.00,11840083.00,3208891.00,0.27
118403302,Hazleton Area SD,Luzerne,84986005.00,64504997.00,2435237.45,18045771.00,64504997.00,20481008.00,0.32
118403903,Lake-Lehman SD,Luzerne,7620512.00,7522485.00,98027.22,0.00,7522485.00,98027.00,0.01
118406003,Northwest Area SD,Luzerne,7714750.00,7652847.00,61902.71,0.00,7652847.00,61903.00,0.01
118406602,Pittston Area SD,Luzerne,15159297.00,13152246.00,413001.50,1594049.00,13152246.00,2007051.00,0.15
118408852,Wilkes-Barre Area SD,Luzerne,62711630.00,47336079.00,2006223.23,13369328.00,47336079.00,15375551.00,0.32
118409203,Wyoming Area SD,Luzerne,9975153.00,9179750.00,164447.67,630955.00,9179750.00,795403.00,0.09
118409302,Wyoming Valley West SD,Luzerne,37396210.00,28930364.00,837873.54,7627972.00,28930364.00,8465846.00,0.29
117412003,East Lycoming SD,Lycoming,10409604.00,9367239.00,139255.65,903109.00,9367239.00,1042365.00,0.11
117414003,Jersey Shore Area SD,Lycoming,15359002.00,14770395.00,217842.15,370765.00,14770395.00,588607.00,0.04
117414203,Loyalsock Township SD,Lycoming,5581785.00,4508404.00,176244.46,897137.00,4508404.00,1073381.00,0.24
117415004,Montgomery Area SD,Lycoming,6966574.00,6631333.00,156451.50,178789.00,6631333.00,335241.00,0.05
117415103,Montoursville Area SD,Lycoming,9336631.00,8284935.00,161088.82,890607.00,8284935.00,1051696.00,0.13
117415303,Muncy SD,Lycoming,4828826.00,4657658.00,91814.66,79353.00,4657658.00,171168.00,0.04
117416103,South Williamsport Area SD,Lycoming,7741688.00,7122695.00,133410.76,485582.00,7122695.00,618993.00,0.09
117417202,Williamsport Area SD,Lycoming,40650649.00,36002738.00,1025694.48,3622217.00,36002738.00,4647911.00,0.13
109420803,Bradford Area SD,McKean,17263888.00,15872904.00,349725.37,1041259.00,15872904.00,1390984.00,0.09
109422303,Kane Area SD,McKean,10685403.00,9860910.00,172790.65,651702.00,9860910.00,824493.00,0.08
109426003,Otto-Eldred SD,McKean,6386619.00,6270783.00,81135.07,34701.00,6270783.00,115836.00,0.02
109426303,Port Allegany SD,McKean,9449001.00,8511733.00,122375.77,814892.00,8511733.00,937268.00,0.11
109427503,Smethport Area SD,McKean,8401710.00,7855268.00,149176.14,397266.00,7855268.00,546442.00,0.07
104431304,Commodore Perry SD,Mercer,4189732.00,4145787.00,43945.27,0.00,4145787.00,43945.00,0.01
104432503,Farrell Area SD,Mercer,11998592.00,11468760.00,355015.08,174817.00,11468760.00,529832.00,0.05
104432803,Greenville Area SD,Mercer,9204738.00,8579537.00,165186.38,460015.00,8579537.00,625201.00,0.07
104432903,Grove City Area SD,Mercer,9226258.00,9112169.00,114089.45,0.00,9112169.00,114089.00,0.01
104433303,Hermitage SD,Mercer,8983467.00,7770328.00,189660.90,1023478.00,7770328.00,1213139.00,0.16
104433604,Jamestown Area SD,Mercer,3548080.00,3492096.00,55983.76,0.00,3492096.00,55984.00,0.02
104433903,Lakeview SD,Mercer,7190026.00,7126854.00,63171.99,0.00,7126854.00,63172.00,0.01
104435003,Mercer Area SD,Mercer,6785386.00,6275795.00,83195.96,426395.00,6275795.00,509591.00,0.08
104435303,Reynolds SD,Mercer,9524677.00,9051746.00,123862.22,349069.00,9051746.00,472931.00,0.05
104435603,Sharon City SD,Mercer,23512967.00,21112771.00,557104.19,1843092.00,21112771.00,2400196.00,0.11
104435703,Sharpsville Area SD,Mercer,8444120.00,7294970.00,121442.02,1027708.00,7294970.00,1149150.00,0.16
104437503,West Middlesex Area SD,Mercer,5829363.00,5731590.00,49281.27,48492.00,5731590.00,97773.00,0.02
111444602,Mifflin County SD,Mifflin,30380593.00,26453104.00,572576.55,3354912.00,26453104.00,3927489.00,0.15
120452003,East Stroudsburg Area SD,Monroe,33517791.00,24097451.00,1138055.03,8282285.00,24097451.00,9420340.00,0.39
120455203,Pleasant Valley SD,Monroe,28779193.00,25946555.00,413238.61,2419399.00,25946555.00,2832638.00,0.11
120455403,Pocono Mountain SD,Monroe,42308723.00,35191685.00,1096071.25,6020967.00,35191685.00,7117038.00,0.20
120456003,Stroudsburg Area SD,Monroe,25744620.00,20458623.00,760563.26,4525434.00,20458623.00,5285997.00,0.26
123460302,Abington  SD,Montgomery,11420470.00,10896385.00,524084.87,0.00,10896385.00,524085.00,0.05
123460504,Bryn Athyn SD,Montgomery,34422.00,34417.00,5.34,0.00,34417.00,5.00,0.00
123461302,Cheltenham Township SD,Montgomery,9314936.00,6842503.00,248884.55,2223548.00,6842503.00,2472433.00,0.36
123461602,Colonial SD,Montgomery,5032980.00,4831240.00,201740.40,0.00,4831240.00,201740.00,0.04
123463603,Hatboro-Horsham SD,Montgomery,7205812.00,6948929.00,256882.97,0.00,6948929.00,256883.00,0.04
123463803,Jenkintown SD,Montgomery,1384179.00,1087881.00,30460.81,265837.00,1087881.00,296298.00,0.27
123464502,Lower Merion SD,Montgomery,5940623.00,5715811.00,224812.00,0.00,5715811.00,224812.00,0.04
123464603,Lower Moreland Township SD,Montgomery,3776212.00,3456929.00,156602.60,162680.00,3456929.00,319283.00,0.09
123465303,Methacton SD,Montgomery,8829129.00,8614773.00,214356.05,0.00,8614773.00,214356.00,0.02
123465602,Norristown Area SD,Montgomery,37770858.00,24732531.00,1118863.67,11919463.00,24732531.00,13038327.00,0.53
123465702,North Penn SD,Montgomery,17639676.00,16831721.00,807955.19,0.00,16831721.00,807955.00,0.05
123466103,Perkiomen Valley SD,Montgomery,8974201.00,8237752.00,238401.06,498048.00,8237752.00,736449.00,0.09
123466303,Pottsgrove SD,Montgomery,12455878.00,10275818.00,259774.23,1920286.00,10275818.00,2180060.00,0.21
123466403,Pottstown SD,Montgomery,23564376.00,19578561.00,771046.37,3214769.00,19578561.00,3985815.00,0.20
123467103,Souderton Area SD,Montgomery,12235444.00,11910265.00,325178.83,0.00,11910265.00,325179.00,0.03
123467203,Springfield Township SD,Montgomery,2476389.00,2360427.00,115961.70,0.00,2360427.00,115962.00,0.05
123467303,Spring-Ford Area SD,Montgomery,14100732.00,13616860.00,483871.67,0.00,13616860.00,483872.00,0.04
123468303,Upper Dublin SD,Montgomery,4157223.00,4015940.00,141282.76,0.00,4015940.00,141283.00,0.04
123468402,Upper Merion Area SD,Montgomery,4370268.00,4156982.00,213285.57,0.00,4156982.00,213286.00,0.05
123468503,Upper Moreland Township SD,Montgomery,6555234.00,5874795.00,277547.91,402891.00,5874795.00,680439.00,0.12
123468603,Upper Perkiomen SD,Montgomery,10769022.00,10376171.00,209752.22,183099.00,10376171.00,392851.00,0.04
123469303,Wissahickon SD,Montgomery,4472725.00,4276213.00,196512.02,0.00,4276213.00,196512.00,0.05
116471803,Danville Area SD,Montour,8839937.00,8663470.00,176466.60,0.00,8663470.00,176467.00,0.02
120480803,Bangor Area SD,Northampton,13805004.00,12416854.00,332729.23,1055421.00,12416854.00,1388150.00,0.11
120481002,Bethlehem Area SD,Northampton,61641791.00,52044017.00,1900562.32,7697212.00,52044017.00,9597774.00,0.18
120483302,Easton Area SD,Northampton,32914910.00,27539880.00,872378.41,4502652.00,27539880.00,5375030.00,0.20
120484803,Nazareth Area SD,Northampton,12830911.00,12272491.00,411845.01,146575.00,12272491.00,558420.00,0.05
120484903,Northampton Area SD,Northampton,20070378.00,18060118.00,518648.04,1491612.00,18060118.00,2010260.00,0.11
120485603,Pen Argyl Area SD,Northampton,6534258.00,6083405.00,147716.25,303137.00,6083405.00,450853.00,0.07
120486003,Saucon Valley SD,Northampton,4505059.00,4361653.00,143406.04,0.00,4361653.00,143406.00,0.03
120488603,Wilson Area SD,Northampton,9298896.00,7031628.00,196111.47,2071157.00,7031628.00,2267268.00,0.32
116493503,Line Mountain SD,Northumberland,7636787.00,7186686.00,114831.85,335269.00,7186686.00,450101.00,0.06
116495003,Milton Area SD,Northumberland,12371922.00,11055667.00,214889.26,1101366.00,11055667.00,1316255.00,0.12
116495103,Mount Carmel Area SD,Northumberland,13020286.00,10875022.00,230561.56,1914702.00,10875022.00,2145264.00,0.20
116496503,Shamokin Area SD,Northumberland,18746695.00,16417225.00,364422.22,1965048.00,16417225.00,2329470.00,0.14
116496603,Shikellamy SD,Northumberland,19189512.00,16474256.00,464165.70,2251090.00,16474256.00,2715256.00,0.16
116498003,Warrior Run SD,Northumberland,8627991.00,7657118.00,146613.11,824260.00,7657118.00,970873.00,0.13
115503004,Greenwood SD,Perry,4579352.00,4159472.00,83171.81,336708.00,4159472.00,419880.00,0.10
115504003,Newport SD,Perry,7124703.00,6612452.00,104821.14,407430.00,6612452.00,512251.00,0.08
115506003,Susquenita SD,Perry,9912875.00,9025688.00,117344.61,769842.00,9025688.00,887187.00,0.10
115508003,West Perry SD,Perry,10586181.00,10202307.00,183155.78,200718.00,10202307.00,383874.00,0.04
126515001,Philadelphia City SD,Philadelphia,1727021066.00,1486042268.00,38329793.23,202649005.00,1486042268.00,240978798.00,0.16
120522003,Delaware Valley SD,Pike,18056435.00,16939985.00,345359.09,771091.00,16939985.00,1116450.00,0.07
119648303,Wallenpaupack Area SD,Pike,8443120.00,8104850.00,338270.27,0.00,8104850.00,338270.00,0.04
109530304,Austin Area SD,Potter,1779795.00,1748634.00,29969.06,1192.00,1748634.00,31161.00,0.02
109531304,Coudersport Area SD,Potter,5436050.00,5060413.00,91447.82,284189.00,5060413.00,375637.00,0.07
109532804,Galeton Area SD,Potter,3057573.00,2846976.00,76245.07,134352.00,2846976.00,210597.00,0.07
109535504,Northern Potter SD,Potter,5110866.00,5016951.00,82546.50,11368.00,5016951.00,93915.00,0.02
109537504,Oswayo Valley SD,Potter,4564610.00,4351547.00,81886.50,131176.00,4351547.00,213063.00,0.05
129540803,Blue Mountain SD,Schuylkill,10335892.00,9625332.00,194890.95,515669.00,9625332.00,710560.00,0.07
129544503,Mahanoy Area SD,Schuylkill,11554311.00,10246780.00,254753.68,1052777.00,10246780.00,1307531.00,0.13
129544703,Minersville Area SD,Schuylkill,10028733.00,8542623.00,224494.15,1261616.00,8542623.00,1486110.00,0.17
129545003,North Schuylkill SD,Schuylkill,13030204.00,11443514.00,231425.78,1355264.00,11443514.00,1586690.00,0.14
129546003,Pine Grove Area SD,Schuylkill,8427537.00,7690422.00,128974.66,608140.00,7690422.00,737115.00,0.10
129546103,Pottsville Area SD,Schuylkill,20640128.00,18284996.00,435765.48,1919367.00,18284996.00,2355132.00,0.13
129546803,Saint Clair Area SD,Schuylkill,5362767.00,4493941.00,106823.64,762002.00,4493941.00,868826.00,0.19
129547303,Schuylkill Haven Area SD,Schuylkill,7714497.00,7345692.00,126717.29,242088.00,7345692.00,368805.00,0.05
129547203,Shenandoah Valley SD,Schuylkill,13004045.00,10787723.00,323626.46,1892696.00,10787723.00,2216322.00,0.21
129547603,Tamaqua Area SD,Schuylkill,12298826.00,10168026.00,280630.37,1850170.00,10168026.00,2130800.00,0.21
129547803,Tri-Valley SD,Schuylkill,5642595.00,5044971.00,65649.91,531974.00,5044971.00,597624.00,0.12
129548803,Williams Valley SD,Schuylkill,8919985.00,8265161.00,120011.33,534813.00,8265161.00,654824.00,0.08
116555003,Midd-West SD,Snyder,11771866.00,10627134.00,246567.88,898164.00,10627134.00,1144732.00,0.11
116557103,Selinsgrove Area SD,Snyder,10438724.00,9543519.00,236189.29,659016.00,9543519.00,895205.00,0.09
108561003,Berlin Brothersvalley SD,Somerset,5913760.00,5750999.00,69749.65,93011.00,5750999.00,162761.00,0.03
108561803,Conemaugh Township Area SD,Somerset,7331990.00,7123771.00,56095.51,152123.00,7123771.00,208219.00,0.03
108565203,Meyersdale Area SD,Somerset,8021248.00,7936935.00,84313.25,0.00,7936935.00,84313.00,0.01
108565503,North Star SD,Somerset,9035310.00,8607147.00,122474.72,305688.00,8607147.00,428163.00,0.05
108566303,Rockwood Area SD,Somerset,4427488.00,4320985.00,106503.39,0.00,4320985.00,106503.00,0.02
108567004,Salisbury-Elk Lick SD,Somerset,2120702.00,2098190.00,22512.35,0.00,2098190.00,22512.00,0.01
108567204,Shade-Central City SD,Somerset,4507751.00,4224867.00,41299.47,241585.00,4224867.00,282884.00,0.07
108567404,Shanksville-Stonycreek SD,Somerset,1765408.00,1737255.00,28152.65,0.00,1737255.00,28153.00,0.02
108567703,Somerset Area SD,Somerset,10663907.00,10175945.00,266708.12,221254.00,10175945.00,487962.00,0.05
108568404,Turkeyfoot Valley Area SD,Somerset,2594614.00,2532956.00,35397.16,26261.00,2532956.00,61658.00,0.02
108569103,Windber Area SD,Somerset,11030015.00,10207285.00,149572.77,673157.00,10207285.00,822730.00,0.08
117576303,Sullivan County SD,Sullivan,3657502.00,3555334.00,102168.19,0.00,3555334.00,102168.00,0.03
119581003,Blue Ridge SD,Susquehanna,7901304.00,7715207.00,136760.88,49336.00,7715207.00,186097.00,0.02
119582503,Elk Lake SD,Susquehanna,7860554.00,7556708.00,97704.33,206142.00,7556708.00,303846.00,0.04
119583003,Forest City Regional SD,Susquehanna,4471357.00,4234411.00,95515.66,141430.00,4234411.00,236946.00,0.06
119584503,Montrose Area SD,Susquehanna,8608033.00,8495253.00,112780.44,0.00,8495253.00,112780.00,0.01
119584603,Mountain View SD,Susquehanna,5979206.00,5911254.00,67952.28,0.00,5911254.00,67952.00,0.01
119586503,Susquehanna Community SD,Susquehanna,8396076.00,8204780.00,171677.05,19619.00,8204780.00,191296.00,0.02
117596003,Northern Tioga SD,Tioga,17371446.00,15430438.00,327478.04,1613530.00,15430438.00,1941008.00,0.13
117597003,Southern Tioga SD,Tioga,11403012.00,10418617.00,196536.77,787858.00,10418617.00,984395.00,0.09
117598503,Wellsboro Area SD,Tioga,8298534.00,7459363.00,173008.49,666163.00,7459363.00,839171.00,0.11
116604003,Lewisburg Area SD,Union,6166610.00,5824308.00,280814.05,61488.00,5824308.00,342302.00,0.06
116605003,Mifflinburg Area SD,Union,10215236.00,9683130.00,217298.18,314808.00,9683130.00,532106.00,0.06
106611303,Cranberry Area SD,Venango,8463609.00,7723063.00,119779.71,620766.00,7723063.00,740546.00,0.10
106612203,Franklin Area SD,Venango,14581992.00,13476120.00,176175.39,929697.00,13476120.00,1105872.00,0.08
106616203,Oil City Area SD,Venango,17621958.00,16701936.00,260679.46,659343.00,16701936.00,920022.00,0.06
106617203,Titusville Area SD,Venango,18342519.00,16886544.00,347631.81,1108343.00,16886544.00,1455975.00,0.09
106618603,Valley Grove SD,Venango,7655727.00,7403257.00,98971.13,153499.00,7403257.00,252470.00,0.03
105628302,Warren County SD,Warren,30090284.00,28820129.00,479857.11,790298.00,28820129.00,1270155.00,0.04
101630504,Avella Area SD,Washington,4674681.00,4637965.00,36715.81,0.00,4637965.00,36716.00,0.01
101630903,Bentworth SD,Washington,8158314.00,7460289.00,120917.99,577107.00,7460289.00,698025.00,0.09
101631003,Bethlehem-Center SD,Washington,9973865.00,9479632.00,88489.14,405744.00,9479632.00,494233.00,0.05
101631203,Burgettstown Area SD,Washington,7167340.00,6972210.00,82237.98,112892.00,6972210.00,195130.00,0.03
101631503,California Area SD,Washington,7519794.00,6931959.00,118384.99,469450.00,6931959.00,587835.00,0.08
101631703,Canon-McMillan SD,Washington,14967388.00,14438921.00,386157.11,142310.00,14438921.00,528467.00,0.04
101631803,Charleroi SD,Washington,12372710.00,10766470.00,272198.52,1334041.00,10766470.00,1606240.00,0.15
101631903,Chartiers-Houston SD,Washington,5465731.00,5244369.00,68877.15,152485.00,5244369.00,221362.00,0.04
101632403,Fort Cherry SD,Washington,7176329.00,7076774.00,72191.83,27363.00,7076774.00,99555.00,0.01
101633903,McGuffey SD,Washington,11347054.00,11138021.00,110670.85,98362.00,11138021.00,209033.00,0.02
101636503,Peters Township SD,Washington,6785907.00,6639078.00,146829.23,0.00,6639078.00,146829.00,0.02
101637002,Ringgold SD,Washington,17027592.00,14739336.00,230764.95,2057491.00,14739336.00,2288256.00,0.16
101638003,Trinity Area SD,Washington,14959288.00,13938017.00,253566.71,767704.00,13938017.00,1021271.00,0.07
101638803,Washington SD,Washington,12199825.00,11047077.00,202300.70,950447.00,11047077.00,1152748.00,0.10
119648703,Wayne Highlands SD,Wayne,11220683.00,10882512.00,338170.72,0.00,10882512.00,338171.00,0.03
119648903,Western Wayne SD,Wayne,7043526.00,6826391.00,217134.89,0.00,6826391.00,217135.00,0.03
107650603,Belle Vernon Area SD,Westmoreland,12946352.00,11313589.00,203579.17,1429184.00,11313589.00,1632763.00,0.14
107650703,Burrell SD,Westmoreland,7255054.00,6763964.00,122256.05,368834.00,6763964.00,491090.00,0.07
107651603,Derry Area SD,Westmoreland,13787763.00,12831742.00,177495.24,778526.00,12831742.00,956021.00,0.07
107652603,Franklin Regional SD,Westmoreland,8370349.00,8216694.00,153654.68,0.00,8216694.00,153655.00,0.02
107653102,Greater Latrobe SD,Westmoreland,15068194.00,13170869.00,301141.73,1596183.00,13170869.00,1897325.00,0.14
107653203,Greensburg Salem SD,Westmoreland,14509578.00,12864194.00,242220.50,1403163.00,12864194.00,1645384.00,0.13
107653802,Hempfield Area SD,Westmoreland,22668969.00,20944237.00,385957.56,1338774.00,20944237.00,1724732.00,0.08
107654103,Jeannette City SD,Westmoreland,11060481.00,10092347.00,187879.85,780254.00,10092347.00,968134.00,0.10
107654403,Kiski Area SD,Westmoreland,20084383.00,18169383.00,312448.66,1602551.00,18169383.00,1915000.00,0.11
107654903,Ligonier Valley SD,Westmoreland,7113421.00,6982406.00,131015.01,0.00,6982406.00,131015.00,0.02
107655803,Monessen City SD,Westmoreland,7489398.00,7015522.00,102467.08,371409.00,7015522.00,473876.00,0.07
107655903,Mount Pleasant Area SD,Westmoreland,11591588.00,10624261.00,185154.07,782173.00,10624261.00,967327.00,0.09
107656303,New Kensington-Arnold SD,Westmoreland,19143250.00,17008137.00,451092.85,1684020.00,17008137.00,2135113.00,0.13
107656502,Norwin SD,Westmoreland,20976787.00,18227790.00,287412.26,2461585.00,18227790.00,2748997.00,0.15
107657103,Penn-Trafford SD,Westmoreland,16071771.00,15699297.00,202225.60,170248.00,15699297.00,372474.00,0.02
107657503,Southmoreland SD,Westmoreland,11890655.00,10901933.00,158893.38,829829.00,10901933.00,988722.00,0.09
107658903,Yough SD,Westmoreland,12012549.00,10895661.00,141151.23,975737.00,10895661.00,1116888.00,0.10
119665003,Lackawanna Trail SD,Wyoming,6858284.00,6624874.00,107584.03,125826.00,6624874.00,233410.00,0.04
118667503,Tunkhannock Area SD,Wyoming,12675664.00,12496779.00,178884.62,0.00,12496779.00,178885.00,0.01
112671303,Central York SD,York,14196521.00,12048983.00,539627.74,1607910.00,12048983.00,2147538.00,0.18
112671603,Dallastown Area SD,York,20316288.00,15329936.00,706597.87,4279754.00,15329936.00,4986352.00,0.33
112671803,Dover Area SD,York,14944610.00,13410407.00,274638.44,1259565.00,13410407.00,1534203.00,0.11
112672203,Eastern York SD,York,10812484.00,9180578.00,218917.37,1412989.00,9180578.00,1631906.00,0.18
112672803,Hanover Public SD,York,9329849.00,5954780.00,350932.42,3024137.00,5954780.00,3375069.00,0.57
112674403,Northeastern York SD,York,17398047.00,14593814.00,411802.05,2392431.00,14593814.00,2804233.00,0.19
115674603,Northern York County SD,York,11560564.00,9880719.00,264420.20,1415425.00,9880719.00,1679845.00,0.17
112675503,Red Lion Area SD,York,20900939.00,17834516.00,358399.52,2708023.00,17834516.00,3066423.00,0.17
112676203,South Eastern SD,York,10851034.00,10266512.00,171056.41,413466.00,10266512.00,584522.00,0.06
112676403,South Western SD,York,15543396.00,13451681.00,375462.85,1716252.00,13451681.00,2091715.00,0.16
112676503,Southern York County SD,York,10271471.00,9435668.00,196061.28,639742.00,9435668.00,835803.00,0.09
112676703,Spring Grove Area SD,York,15093467.00,13334800.00,309694.88,1448972.00,13334800.00,1758667.00,0.13
115219002,West Shore SD,York,20759564.00,17252995.00,494087.13,3012482.00,17252995.00,3506569.00,0.20
112678503,West York Area SD,York,11686882.00,9332387.00,380248.18,1974247.00,9332387.00,2354495.00,0.25
112679002,York City SD,York,114858871.00,99056373.00,3332298.67,12470199.00,99056373.00,15802498.00,0.16
112679403,York Suburban SD,York,7658134.00,5806893.00,420011.16,1431230.00,5806893.00,1851241.00,0.32
,,,,,,,,,
,,,8943778985.00,7872444057.00,200000000.03,871334927.00,7872444057.00,1071334928.00,0.14
,,,,,,,,,
,,,,,,,,,
